WKT,type,label,descr,city,region,country,house,phone,zip,highway,level,endlevel,GEOMETRY_X,GEOMETRY_Y
"POINT (174.94302 -37.07169)",5654,,,,,,,,,,0,0,174.94302,-37.07169
"POINT (174.932 -37.07341)",5654,,,,,,,,,,0,0,174.932,-37.07341
"POINT (174.94639 -37.06969)",5654,,,,,,,,,,0,0,174.94639,-37.06969
"POINT (174.94328 -37.0624)",5654,,,,,,,,,,0,0,174.94328,-37.0624
"POINT (174.94067 -37.06004)",5654,,,,,,,,,,0,0,174.94067,-37.06004
"POINT (174.94375 -37.06656)",5654,,,,,,,,,,0,0,174.94375,-37.06656
"POINT (174.94415 -37.06265)",5654,,,,,,,,,,0,0,174.94415,-37.06265
"POINT (174.94201 -37.06236)",5654,,,,,,,,,,0,0,174.94201,-37.06236
"POINT (174.94111 -37.06109)",5654,,,,,,,,,,0,0,174.94111,-37.06109
"POINT (174.92535 -37.04751)",5654,,,,,,,,,,0,0,174.92535,-37.04751
"POINT (174.94023 -37.05903)",5654,,,,,,,,,,0,0,174.94023,-37.05903
"POINT (174.94139 -37.05813)",5654,,,,,,,,,,0,0,174.94139,-37.05813
"POINT (174.93995 -37.06165)",5654,,,,,,,,,,0,0,174.93995,-37.06165
"POINT (174.91911 -37.04313)",5654,,,,,,,,,,0,0,174.91911,-37.04313
"POINT (174.91523 -37.04019)",5654,,,,,,,,,,0,0,174.91523,-37.04019
"POINT (174.91171 -37.03753)",5654,,,,,,,,,,0,0,174.91171,-37.03753
"POINT (174.90916 -37.0356)",5654,,,,,,,,,,0,0,174.90916,-37.0356
"POINT (175.29266 -37.79157)",5654,,,,,,,,,,0,0,175.29266,-37.79157
"POINT (175.28793 -37.79243)",5654,,,,,,,,,,0,0,175.28793,-37.79243
"POINT (175.28286 -37.78711)",5654,,,,,,,,,,0,0,175.28286,-37.78711
"POINT (175.29225 -37.79043)",5654,,,,,,,,,,0,0,175.29225,-37.79043
"POINT (175.28558 -37.78998)",5654,,,,,,,,,,0,0,175.28558,-37.78998
"POINT (175.28332 -37.79136)",5654,,,,,,,,,,0,0,175.28332,-37.79136
"POINT (175.2839 -37.7882)",5654,,,,,,,,,,0,0,175.2839,-37.7882
"POINT (175.28088 -37.78496)",5654,,,,,,,,,,0,0,175.28088,-37.78496
"POINT (175.27931 -37.78321)",5654,,,,,,,,,,0,0,175.27931,-37.78321
"POINT (175.27603 -37.77967)",5654,,,,,,,,,,0,0,175.27603,-37.77967
"POINT (175.2729 -37.7784)",5654,,,,,,,,,,0,0,175.2729,-37.7784
"POINT (175.27438 -37.7775)",5654,,,,,,,,,,0,0,175.27438,-37.7775
"POINT (175.2626 -37.76941)",5654,,,,,,,,,,0,0,175.2626,-37.76941
"POINT (175.28163 -37.78956)",5654,,,,,,,,,,0,0,175.28163,-37.78956
"POINT (175.2794 -37.78715)",5654,,,,,,,,,,0,0,175.2794,-37.78715
"POINT (175.27862 -37.78625)",5654,,,,,,,,,,0,0,175.27862,-37.78625
"POINT (175.27702 -37.78451)",5654,,,,,,,,,,0,0,175.27702,-37.78451
"POINT (175.2754 -37.78273)",5654,,,,,,,,,,0,0,175.2754,-37.78273
"POINT (175.27174 -37.78041)",5654,,,,,,,,,,0,0,175.27174,-37.78041
"POINT (175.27107 -37.78149)",5654,,,,,,,,,,0,0,175.27107,-37.78149
"POINT (175.2884 -37.80404)",5654,,,,,,,,,,0,0,175.2884,-37.80404
"POINT (175.28613 -37.80741)",5654,,,,,,,,,,0,0,175.28613,-37.80741
"POINT (175.2803 -37.8081)",5654,,,,,,,,,,0,0,175.2803,-37.8081
"POINT (175.28096 -37.80342)",5654,,,,,,,,,,0,0,175.28096,-37.80342
"POINT (175.28216 -37.81762)",5654,,,,,,,,,,0,0,175.28216,-37.81762
"POINT (175.2597 -37.78902)",5654,,,,,,,,,,0,0,175.2597,-37.78902
"POINT (175.26672 -37.78451)",5654,,,,,,,,,,0,0,175.26672,-37.78451
"POINT (175.24931 -37.78052)",5654,,,,,,,,,,0,0,175.24931,-37.78052
"POINT (175.25096 -37.76263)",5654,,,,,,,,,,0,0,175.25096,-37.76263
"POINT (175.2532 -37.76471)",5654,,,,,,,,,,0,0,175.2532,-37.76471
"POINT (175.26922 -37.77243)",5654,,,,,,,,,,0,0,175.26922,-37.77243
"POINT (175.28834 -37.7808)",5654,,,,,,,,,,0,0,175.28834,-37.7808
"POINT (175.29843 -37.78016)",5654,,,,,,,,,,0,0,175.29843,-37.78016
"POINT (175.29968 -37.78996)",5654,,,,,,,,,,0,0,175.29968,-37.78996
"POINT (175.30368 -37.79782)",5654,,,,,,,,,,0,0,175.30368,-37.79782
"POINT (175.27798 -37.74857)",5654,,,,,,,,,,0,0,175.27798,-37.74857
"POINT (175.27641 -37.78752)",5654,,,,,,,,,,0,0,175.27641,-37.78752
"POINT (175.27725 -37.78844)",5654,,,,,,,,,,0,0,175.27725,-37.78844
"POINT (175.28132 -37.78541)",5654,,,,,,,,,,0,0,175.28132,-37.78541
"POINT (175.27482 -37.78576)",5654,,,,,,,,,,0,0,175.27482,-37.78576
"POINT (175.26466 -37.78584)",5654,,,,,,,,,,0,0,175.26466,-37.78584
"POINT (175.26324 -37.78705)",5654,,,,,,,,,,0,0,175.26324,-37.78705
"POINT (175.2888 -37.78157)",5654,,,,,,,,,,0,0,175.2888,-37.78157
"POINT (175.29437 -37.7912)",5654,,,,,,,,,,0,0,175.29437,-37.7912
"POINT (175.24011 -37.75197)",5654,,,,,,,,,,0,0,175.24011,-37.75197
"POINT (175.29826 -37.78506)",5654,,,,,,,,,,0,0,175.29826,-37.78506
"POINT (175.23698 -37.75008)",5654,,,,,,,,,,0,0,175.23698,-37.75008
"POINT (174.92601 -37.04793)",5654,,,,,,,,,,0,0,174.92601,-37.04793
"POINT (174.76643 -36.773)",5654,,,,,,,,,,0,0,174.76643,-36.773
"POINT (174.75726 -36.79939)",5654,,,,,,,,,,0,0,174.75726,-36.79939
"POINT (174.74568 -36.7792)",5654,,,,,,,,,,0,0,174.74568,-36.7792
"POINT (174.72282 -36.77676)",5654,,,,,,,,,,0,0,174.72282,-36.77676
"POINT (174.70649 -36.76034)",5654,,,,,,,,,,0,0,174.70649,-36.76034
"POINT (174.71864 -36.76519)",5654,,,,,,,,,,0,0,174.71864,-36.76519
"POINT (174.73753 -36.78214)",5654,,,,,,,,,,0,0,174.73753,-36.78214
"POINT (174.73692 -36.78261)",5654,,,,,,,,,,0,0,174.73692,-36.78261
"POINT (174.744 -36.77708)",5654,,,,,,,,,,0,0,174.744,-36.77708
"POINT (174.72154 -36.7807)",5654,,,,,,,,,,0,0,174.72154,-36.7807
"POINT (174.72911 -36.77963)",5654,,,,,,,,,,0,0,174.72911,-36.77963
"POINT (174.75407 -36.79624)",5654,,,,,,,,,,0,0,174.75407,-36.79624
"POINT (174.63124 -36.88181)",5654,,,,,,,,,,0,0,174.63124,-36.88181
"POINT (174.75993 -36.79997)",5654,,,,,,,,,,0,0,174.75993,-36.79997
"POINT (174.70385 -36.75761)",5654,,,,,,,,,,0,0,174.70385,-36.75761
"POINT (174.72198 -36.76976)",5654,,,,,,,,,,0,0,174.72198,-36.76976
"POINT (174.72119 -36.77422)",5654,,,,,,,,,,0,0,174.72119,-36.77422
"POINT (174.63081 -36.87823)",5654,,,,,,,,,,0,0,174.63081,-36.87823
"POINT (174.63191 -36.87945)",5654,,,,,,,,,,0,0,174.63191,-36.87945
"POINT (174.63522 -36.87966)",5654,,,,,,,,,,0,0,174.63522,-36.87966
"POINT (174.77229 -36.78926)",5654,,,,,,,,,,0,0,174.77229,-36.78926
"POINT (174.62779 -36.87331)",5654,,,,,,,,,,0,0,174.62779,-36.87331
"POINT (174.62933 -36.86205)",5654,,,,,,,,,,0,0,174.62933,-36.86205
"POINT (174.62994 -36.85694)",5654,,,,,,,,,,0,0,174.62994,-36.85694
"POINT (174.63064 -36.8513)",5654,,,,,,,,,,0,0,174.63064,-36.8513
"POINT (174.6315 -36.8473)",5654,,,,,,,,,,0,0,174.6315,-36.8473
"POINT (174.55702 -36.77652)",5654,,,,,,,,,,0,0,174.55702,-36.77652
"POINT (174.76353 -36.77227)",5654,,,,,,,,,,0,0,174.76353,-36.77227
"POINT (174.75227 -36.78855)",5654,,,,,,,,,,0,0,174.75227,-36.78855
"POINT (174.60952 -36.8207)",5654,,,,,,,,,,0,0,174.60952,-36.8207
"POINT (174.61421 -36.81862)",5654,,,,,,,,,,0,0,174.61421,-36.81862
"POINT (174.70793 -36.73356)",5654,,,,,,,,,,0,0,174.70793,-36.73356
"POINT (174.70126 -36.72959)",5654,,,,,,,,,,0,0,174.70126,-36.72959
"POINT (174.69804 -36.7271)",5654,,,,,,,,,,0,0,174.69804,-36.7271
"POINT (174.73909 -36.78439)",5654,,,,,,,,,,0,0,174.73909,-36.78439
"POINT (174.74789 -36.79201)",5654,,,,,,,,,,0,0,174.74789,-36.79201
"POINT (174.62048 -36.87108)",5654,,,,,,,,,,0,0,174.62048,-36.87108
"POINT (174.62434 -36.87338)",5654,,,,,,,,,,0,0,174.62434,-36.87338
"POINT (174.62759 -36.87509)",5654,,,,,,,,,,0,0,174.62759,-36.87509
"POINT (174.75297 -36.78268)",5654,,,,,,,,,,0,0,174.75297,-36.78268
"POINT (174.7563 -36.78546)",5654,,,,,,,,,,0,0,174.7563,-36.78546
"POINT (174.73663 -36.76864)",5654,,,,,,,,,,0,0,174.73663,-36.76864
"POINT (174.74113 -36.77246)",5654,,,,,,,,,,0,0,174.74113,-36.77246
"POINT (174.70317 -36.75729)",5654,,,,,,,,,,0,0,174.70317,-36.75729
"POINT (174.63391 -36.88679)",5654,,,,,,,,,,0,0,174.63391,-36.88679
"POINT (174.74989 -36.7801)",5654,,,,,,,,,,0,0,174.74989,-36.7801
"POINT (174.73721 -36.77023)",5654,,,,,,,,,,0,0,174.73721,-36.77023
"POINT (172.64683 -43.54746)",5654,,,,,,,,,,0,0,172.64683,-43.54746
"POINT (172.69238 -43.51202)",5654,,,,,,,,,,0,0,172.69238,-43.51202
"POINT (172.62184 -43.54743)",5654,,,,,,,,,,0,0,172.62184,-43.54743
"POINT (172.65046 -43.52875)",5654,,,,,,,,,,0,0,172.65046,-43.52875
"POINT (172.65051 -43.53636)",5654,,,,,,,,,,0,0,172.65051,-43.53636
"POINT (172.52569 -43.54338)",5654,,,,,,,,,,0,0,172.52569,-43.54338
"POINT (172.66917 -43.53766)",5654,,,,,,,,,,0,0,172.66917,-43.53766
"POINT (172.52491 -43.5451)",5654,,,,,,,,,,0,0,172.52491,-43.5451
"POINT (172.62759 -43.53534)",5654,,,,,,,,,,0,0,172.62759,-43.53534
"POINT (172.71626 -43.51126)",5654,,,,,,,,,,0,0,172.71626,-43.51126
"POINT (172.70578 -43.50434)",5654,,,,,,,,,,0,0,172.70578,-43.50434
"POINT (172.63124 -43.5288)",5654,,,,,,,,,,0,0,172.63124,-43.5288
"POINT (172.63061 -43.5288)",5654,,,,,,,,,,0,0,172.63061,-43.5288
"POINT (172.65045 -43.52658)",5654,,,,,,,,,,0,0,172.65045,-43.52658
"POINT (172.6728 -43.52185)",5654,,,,,,,,,,0,0,172.6728,-43.52185
"POINT (172.65707 -43.52545)",5654,,,,,,,,,,0,0,172.65707,-43.52545
"POINT (172.64567 -43.5208)",5654,,,,,,,,,,0,0,172.64567,-43.5208
"POINT (172.64566 -43.52442)",5654,,,,,,,,,,0,0,172.64566,-43.52442
"POINT (172.64572 -43.52878)",5654,,,,,,,,,,0,0,172.64572,-43.52878
"POINT (172.64572 -43.53313)",5654,,,,,,,,,,0,0,172.64572,-43.53313
"POINT (172.64572 -43.5371)",5654,,,,,,,,,,0,0,172.64572,-43.5371
"POINT (172.64572 -43.52987)",5654,,,,,,,,,,0,0,172.64572,-43.52987
"POINT (172.64572 -43.53203)",5654,,,,,,,,,,0,0,172.64572,-43.53203
"POINT (172.64572 -43.52659)",5654,,,,,,,,,,0,0,172.64572,-43.52659
"POINT (172.64572 -43.53422)",5654,,,,,,,,,,0,0,172.64572,-43.53422
"POINT (172.64576 -43.53991)",5654,,,,,,,,,,0,0,172.64576,-43.53991
"POINT (172.64572 -43.53639)",5654,,,,,,,,,,0,0,172.64572,-43.53639
"POINT (172.64572 -43.53532)",5654,,,,,,,,,,0,0,172.64572,-43.53532
"POINT (172.64572 -43.53096)",5654,,,,,,,,,,0,0,172.64572,-43.53096
"POINT (172.68162 -43.52704)",5654,,,,,,,,,,0,0,172.68162,-43.52704
"POINT (172.67604 -43.53126)",5654,,,,,,,,,,0,0,172.67604,-43.53126
"POINT (172.52798 -43.53847)",5654,,,,,,,,,,0,0,172.52798,-43.53847
"POINT (172.61012 -43.54761)",5654,,,,,,,,,,0,0,172.61012,-43.54761
"POINT (172.61003 -43.5485)",5654,,,,,,,,,,0,0,172.61003,-43.5485
"POINT (172.63664 -43.52087)",5654,,,,,,,,,,0,0,172.63664,-43.52087
"POINT (172.63667 -43.5475)",5654,,,,,,,,,,0,0,172.63667,-43.5475
"POINT (172.63676 -43.55043)",5654,,,,,,,,,,0,0,172.63676,-43.55043
"POINT (172.63688 -43.55714)",5654,,,,,,,,,,0,0,172.63688,-43.55714
"POINT (172.63824 -43.50873)",5654,,,,,,,,,,0,0,172.63824,-43.50873
"POINT (172.63272 -43.50262)",5654,,,,,,,,,,0,0,172.63272,-43.50262
"POINT (172.6381 -43.51345)",5654,,,,,,,,,,0,0,172.6381,-43.51345
"POINT (172.56854 -43.53935)",5654,,,,,,,,,,0,0,172.56854,-43.53935
"POINT (172.57086 -43.54302)",5654,,,,,,,,,,0,0,172.57086,-43.54302
"POINT (172.63368 -43.52086)",5654,,,,,,,,,,0,0,172.63368,-43.52086
"POINT (172.63362 -43.52444)",5654,,,,,,,,,,0,0,172.63362,-43.52444
"POINT (172.63366 -43.54748)",5654,,,,,,,,,,0,0,172.63366,-43.54748
"POINT (172.69557 -43.54648)",5654,,,,,,,,,,0,0,172.69557,-43.54648
"POINT (172.65991 -43.54936)",5654,,,,,,,,,,0,0,172.65991,-43.54936
"POINT (172.70567 -43.55794)",5654,,,,,,,,,,0,0,172.70567,-43.55794
"POINT (172.66557 -43.54274)",5654,,,,,,,,,,0,0,172.66557,-43.54274
"POINT (172.67909 -43.54729)",5654,,,,,,,,,,0,0,172.67909,-43.54729
"POINT (172.6504 -43.53826)",5654,,,,,,,,,,0,0,172.6504,-43.53826
"POINT (172.65057 -43.53993)",5654,,,,,,,,,,0,0,172.65057,-43.53993
"POINT (172.65049 -43.52079)",5654,,,,,,,,,,0,0,172.65049,-43.52079
"POINT (172.6506 -43.53547)",5654,,,,,,,,,,0,0,172.6506,-43.53547
"POINT (172.6506 -43.53833)",5654,,,,,,,,,,0,0,172.6506,-43.53833
"POINT (172.6201 -43.55834)",5654,,,,,,,,,,0,0,172.6201,-43.55834
"POINT (172.64262 -43.54749)",5654,,,,,,,,,,0,0,172.64262,-43.54749
"POINT (172.65046 -43.52983)",5654,,,,,,,,,,0,0,172.65046,-43.52983
"POINT (172.64328 -43.52987)",5654,,,,,,,,,,0,0,172.64328,-43.52987
"POINT (172.66754 -43.52987)",5654,,,,,,,,,,0,0,172.66754,-43.52987
"POINT (172.57107 -43.50652)",5654,,,,,,,,,,0,0,172.57107,-43.50652
"POINT (172.59361 -43.49034)",5654,,,,,,,,,,0,0,172.59361,-43.49034
"POINT (172.59274 -43.55487)",5654,,,,,,,,,,0,0,172.59274,-43.55487
"POINT (172.57081 -43.5854)",5654,,,,,,,,,,0,0,172.57081,-43.5854
"POINT (172.68528 -43.54108)",5654,,,,,,,,,,0,0,172.68528,-43.54108
"POINT (172.64334 -43.53203)",5654,,,,,,,,,,0,0,172.64334,-43.53203
"POINT (172.6427 -43.53206)",5654,,,,,,,,,,0,0,172.6427,-43.53206
"POINT (172.65164 -43.50811)",5654,,,,,,,,,,0,0,172.65164,-43.50811
"POINT (172.63124 -43.52661)",5654,,,,,,,,,,0,0,172.63124,-43.52661
"POINT (172.65051 -43.53426)",5654,,,,,,,,,,0,0,172.65051,-43.53426
"POINT (172.60096 -43.55)",5654,,,,,,,,,,0,0,172.60096,-43.55
"POINT (172.60882 -43.54534)",5654,,,,,,,,,,0,0,172.60882,-43.54534
"POINT (172.67312 -43.5336)",5654,,,,,,,,,,0,0,172.67312,-43.5336
"POINT (172.6708 -43.53203)",5654,,,,,,,,,,0,0,172.6708,-43.53203
"POINT (172.64256 -43.52085)",5654,,,,,,,,,,0,0,172.64256,-43.52085
"POINT (172.64265 -43.52878)",5654,,,,,,,,,,0,0,172.64265,-43.52878
"POINT (172.6427 -43.53313)",5654,,,,,,,,,,0,0,172.6427,-43.53313
"POINT (172.64265 -43.52659)",5654,,,,,,,,,,0,0,172.64265,-43.52659
"POINT (172.6427 -43.53422)",5654,,,,,,,,,,0,0,172.6427,-43.53422
"POINT (172.6427 -43.53995)",5654,,,,,,,,,,0,0,172.6427,-43.53995
"POINT (172.64265 -43.5244)",5654,,,,,,,,,,0,0,172.64265,-43.5244
"POINT (172.6427 -43.53641)",5654,,,,,,,,,,0,0,172.6427,-43.53641
"POINT (172.6427 -43.53532)",5654,,,,,,,,,,0,0,172.6427,-43.53532
"POINT (172.56736 -43.53232)",5654,,,,,,,,,,0,0,172.56736,-43.53232
"POINT (172.63963 -43.52086)",5654,,,,,,,,,,0,0,172.63963,-43.52086
"POINT (172.56036 -43.49981)",5654,,,,,,,,,,0,0,172.56036,-43.49981
"POINT (172.63066 -43.52087)",5654,,,,,,,,,,0,0,172.63066,-43.52087
"POINT (172.63066 -43.54748)",5654,,,,,,,,,,0,0,172.63066,-43.54748
"POINT (172.63061 -43.53315)",5654,,,,,,,,,,0,0,172.63061,-43.53315
"POINT (172.63061 -43.52989)",5654,,,,,,,,,,0,0,172.63061,-43.52989
"POINT (172.63061 -43.53496)",5654,,,,,,,,,,0,0,172.63061,-43.53496
"POINT (172.63061 -43.53534)",5654,,,,,,,,,,0,0,172.63061,-43.53534
"POINT (172.63061 -43.53096)",5654,,,,,,,,,,0,0,172.63061,-43.53096
"POINT (172.63061 -43.53995)",5654,,,,,,,,,,0,0,172.63061,-43.53995
"POINT (172.61787 -43.54)",5654,,,,,,,,,,0,0,172.61787,-43.54
"POINT (172.65643 -43.53991)",5654,,,,,,,,,,0,0,172.65643,-43.53991
"POINT (172.66525 -43.50796)",5654,,,,,,,,,,0,0,172.66525,-43.50796
"POINT (172.65634 -43.51762)",5654,,,,,,,,,,0,0,172.65634,-43.51762
"POINT (172.6163 -43.48454)",5654,,,,,,,,,,0,0,172.6163,-43.48454
"POINT (172.66287 -43.50807)",5654,,,,,,,,,,0,0,172.66287,-43.50807
"POINT (172.65547 -43.54858)",5654,,,,,,,,,,0,0,172.65547,-43.54858
"POINT (172.67062 -43.55547)",5654,,,,,,,,,,0,0,172.67062,-43.55547
"POINT (172.62759 -43.53448)",5654,,,,,,,,,,0,0,172.62759,-43.53448
"POINT (172.70175 -43.51728)",5654,,,,,,,,,,0,0,172.70175,-43.51728
"POINT (172.68722 -43.55156)",5654,,,,,,,,,,0,0,172.68722,-43.55156
"POINT (172.62809 -43.52087)",5654,,,,,,,,,,0,0,172.62809,-43.52087
"POINT (172.62622 -43.53502)",5654,,,,,,,,,,0,0,172.62622,-43.53502
"POINT (172.57371 -43.53182)",5654,,,,,,,,,,0,0,172.57371,-43.53182
"POINT (172.59553 -43.53013)",5654,,,,,,,,,,0,0,172.59553,-43.53013
"POINT (172.60191 -43.52964)",5654,,,,,,,,,,0,0,172.60191,-43.52964
"POINT (172.61598 -43.48788)",5654,,,,,,,,,,0,0,172.61598,-43.48788
"POINT (172.63066 -43.52444)",5654,,,,,,,,,,0,0,172.63066,-43.52444
"POINT (172.62718 -43.55416)",5654,,,,,,,,,,0,0,172.62718,-43.55416
"POINT (172.63815 -43.52087)",5654,,,,,,,,,,0,0,172.63815,-43.52087
"POINT (172.54516 -43.54354)",5654,,,,,,,,,,0,0,172.54516,-43.54354
"POINT (172.63061 -43.53644)",5654,,,,,,,,,,0,0,172.63061,-43.53644
"POINT (172.62797 -43.54761)",5654,,,,,,,,,,0,0,172.62797,-43.54761
"POINT (172.63688 -43.558)",5654,,,,,,,,,,0,0,172.63688,-43.558
"POINT (172.65049 -43.5353)",5654,,,,,,,,,,0,0,172.65049,-43.5353
"POINT (172.69418 -43.51122)",5654,,,,,,,,,,0,0,172.69418,-43.51122
"POINT (172.64691 -43.54496)",5654,,,,,,,,,,0,0,172.64691,-43.54496
"POINT (172.64671 -43.54491)",5654,,,,,,,,,,0,0,172.64671,-43.54491
"POINT (172.6728 -43.52521)",5654,,,,,,,,,,0,0,172.6728,-43.52521
"POINT (172.56813 -43.53075)",5654,,,,,,,,,,0,0,172.56813,-43.53075
"POINT (174.9064 -36.89778)",5654,,,,,,,,,,0,0,174.9064,-36.89778
"POINT (174.90228 -36.89902)",5654,,,,,,,,,,0,0,174.90228,-36.89902
"POINT (174.9042 -36.89807)",5654,,,,,,,,,,0,0,174.9042,-36.89807
"POINT (174.9006 -36.89996)",5654,,,,,,,,,,0,0,174.9006,-36.89996
"POINT (174.89932 -36.90065)",5654,,,,,,,,,,0,0,174.89932,-36.90065
"POINT (174.89448 -36.9038)",5654,,,,,,,,,,0,0,174.89448,-36.9038
"POINT (174.88919 -36.9061)",5654,,,,,,,,,,0,0,174.88919,-36.9061
"POINT (174.88505 -36.90788)",5654,,,,,,,,,,0,0,174.88505,-36.90788
"POINT (174.86926 -36.91181)",5654,,,,,,,,,,0,0,174.86926,-36.91181
"POINT (174.84797 -36.89817)",5654,,,,,,,,,,0,0,174.84797,-36.89817
"POINT (174.86204 -36.91103)",5654,,,,,,,,,,0,0,174.86204,-36.91103
"POINT (174.85672 -36.90662)",5654,,,,,,,,,,0,0,174.85672,-36.90662
"POINT (174.84541 -36.89757)",5654,,,,,,,,,,0,0,174.84541,-36.89757
"POINT (174.84144 -36.89657)",5654,,,,,,,,,,0,0,174.84144,-36.89657
"POINT (174.8164 -36.89965)",5654,,,,,,,,,,0,0,174.8164,-36.89965
"POINT (174.87088 -36.91497)",5654,,,,,,,,,,0,0,174.87088,-36.91497
"POINT (174.87295 -36.91667)",5654,,,,,,,,,,0,0,174.87295,-36.91667
"POINT (174.87721 -36.92028)",5654,,,,,,,,,,0,0,174.87721,-36.92028
"POINT (174.8849 -36.92387)",5654,,,,,,,,,,0,0,174.8849,-36.92387
"POINT (174.89172 -36.92593)",5654,,,,,,,,,,0,0,174.89172,-36.92593
"POINT (174.89448 -36.92642)",5654,,,,,,,,,,0,0,174.89448,-36.92642
"POINT (174.89796 -36.92707)",5654,,,,,,,,,,0,0,174.89796,-36.92707
"POINT (174.90197 -36.92788)",5654,,,,,,,,,,0,0,174.90197,-36.92788
"POINT (174.90521 -36.92903)",5654,,,,,,,,,,0,0,174.90521,-36.92903
"POINT (174.90892 -36.92943)",5654,,,,,,,,,,0,0,174.90892,-36.92943
"POINT (174.91244 -36.92885)",5654,,,,,,,,,,0,0,174.91244,-36.92885
"POINT (174.91406 -36.92915)",5654,,,,,,,,,,0,0,174.91406,-36.92915
"POINT (174.91592 -36.92947)",5654,,,,,,,,,,0,0,174.91592,-36.92947
"POINT (174.92083 -36.9247)",5654,,,,,,,,,,0,0,174.92083,-36.9247
"POINT (174.91111 -36.93168)",5654,,,,,,,,,,0,0,174.91111,-36.93168
"POINT (174.91023 -36.93443)",5654,,,,,,,,,,0,0,174.91023,-36.93443
"POINT (174.90829 -36.94208)",5654,,,,,,,,,,0,0,174.90829,-36.94208
"POINT (174.90492 -36.95412)",5654,,,,,,,,,,0,0,174.90492,-36.95412
"POINT (174.90335 -36.95923)",5654,,,,,,,,,,0,0,174.90335,-36.95923
"POINT (174.90193 -36.9637)",5654,,,,,,,,,,0,0,174.90193,-36.9637
"POINT (174.89775 -36.97813)",5654,,,,,,,,,,0,0,174.89775,-36.97813
"POINT (174.89552 -36.98297)",5654,,,,,,,,,,0,0,174.89552,-36.98297
"POINT (174.88133 -36.98683)",5654,,,,,,,,,,0,0,174.88133,-36.98683
"POINT (174.87341 -36.9892)",5654,,,,,,,,,,0,0,174.87341,-36.9892
"POINT (174.88313 -36.9895)",5654,,,,,,,,,,0,0,174.88313,-36.9895
"POINT (174.88528 -36.99255)",5654,,,,,,,,,,0,0,174.88528,-36.99255
"POINT (174.89622 -36.99007)",5654,,,,,,,,,,0,0,174.89622,-36.99007
"POINT (174.85362 -36.91122)",5654,,,,,,,,,,0,0,174.85362,-36.91122
"POINT (174.84483 -36.90935)",5654,,,,,,,,,,0,0,174.84483,-36.90935
"POINT (174.84646 -36.9153)",5654,,,,,,,,,,0,0,174.84646,-36.9153
"POINT (174.84666 -36.91615)",5654,,,,,,,,,,0,0,174.84666,-36.91615
"POINT (174.847 -36.9173)",5654,,,,,,,,,,0,0,174.847,-36.9173
"POINT (174.84742 -36.91877)",5654,,,,,,,,,,0,0,174.84742,-36.91877
"POINT (174.82644 -36.91573)",5654,,,,,,,,,,0,0,174.82644,-36.91573
"POINT (174.82417 -36.91707)",5654,,,,,,,,,,0,0,174.82417,-36.91707
"POINT (174.81973 -36.91943)",5654,,,,,,,,,,0,0,174.81973,-36.91943
"POINT (174.81329 -36.92012)",5654,,,,,,,,,,0,0,174.81329,-36.92012
"POINT (174.8139 -36.91237)",5654,,,,,,,,,,0,0,174.8139,-36.91237
"POINT (174.80024 -36.92148)",5654,,,,,,,,,,0,0,174.80024,-36.92148
"POINT (172.63963 -43.53315)",5654,,,,,,,,,,0,0,172.63963,-43.53315
"POINT (172.63664 -43.53641)",5654,,,,,,,,,,0,0,172.63664,-43.53641
"POINT (172.63664 -43.53532)",5654,,,,,,,,,,0,0,172.63664,-43.53532
"POINT (172.63664 -43.53422)",5654,,,,,,,,,,0,0,172.63664,-43.53422
"POINT (172.63664 -43.53205)",5654,,,,,,,,,,0,0,172.63664,-43.53205
"POINT (172.63662 -43.52986)",5654,,,,,,,,,,0,0,172.63662,-43.52986
"POINT (172.63662 -43.52878)",5654,,,,,,,,,,0,0,172.63662,-43.52878
"POINT (172.63351 -43.52987)",5654,,,,,,,,,,0,0,172.63351,-43.52987
"POINT (172.63662 -43.52442)",5654,,,,,,,,,,0,0,172.63662,-43.52442
"POINT (172.63963 -43.52442)",5654,,,,,,,,,,0,0,172.63963,-43.52442
"POINT (172.63963 -43.52659)",5654,,,,,,,,,,0,0,172.63963,-43.52659
"POINT (172.63963 -43.52878)",5654,,,,,,,,,,0,0,172.63963,-43.52878
"POINT (172.63963 -43.53096)",5654,,,,,,,,,,0,0,172.63963,-43.53096
"POINT (172.63963 -43.53205)",5654,,,,,,,,,,0,0,172.63963,-43.53205
"POINT (172.63667 -43.53982)",5654,,,,,,,,,,0,0,172.63667,-43.53982
"POINT (172.63963 -43.53422)",5654,,,,,,,,,,0,0,172.63963,-43.53422
"POINT (172.63963 -43.53532)",5654,,,,,,,,,,0,0,172.63963,-43.53532
"POINT (172.63963 -43.53641)",5654,,,,,,,,,,0,0,172.63963,-43.53641
"POINT (172.63969 -43.53995)",5654,,,,,,,,,,0,0,172.63969,-43.53995
"POINT (172.63969 -43.53871)",5654,,,,,,,,,,0,0,172.63969,-43.53871
"POINT (172.63667 -43.54004)",5654,,,,,,,,,,0,0,172.63667,-43.54004
"POINT (172.63963 -43.52987)",5654,,,,,,,,,,0,0,172.63963,-43.52987
"POINT (172.63662 -43.52661)",5654,,,,,,,,,,0,0,172.63662,-43.52661
"POINT (172.63362 -43.52661)",5654,,,,,,,,,,0,0,172.63362,-43.52661
"POINT (172.63362 -43.5288)",5654,,,,,,,,,,0,0,172.63362,-43.5288
"POINT (172.63287 -43.53096)",5654,,,,,,,,,,0,0,172.63287,-43.53096
"POINT (172.63351 -43.53427)",5654,,,,,,,,,,0,0,172.63351,-43.53427
"POINT (172.62796 -43.53995)",5654,,,,,,,,,,0,0,172.62796,-43.53995
"POINT (172.63362 -43.53639)",5654,,,,,,,,,,0,0,172.63362,-43.53639
"POINT (172.63362 -43.53995)",5654,,,,,,,,,,0,0,172.63362,-43.53995
"POINT (172.62185 -43.53997)",5654,,,,,,,,,,0,0,172.62185,-43.53997
"POINT (172.61334 -43.52414)",5654,,,,,,,,,,0,0,172.61334,-43.52414
"POINT (172.58624 -43.49962)",5654,,,,,,,,,,0,0,172.58624,-43.49962
"POINT (172.58079 -43.51262)",5654,,,,,,,,,,0,0,172.58079,-43.51262
"POINT (172.59039 -43.5185)",5654,,,,,,,,,,0,0,172.59039,-43.5185
"POINT (172.60124 -43.51961)",5654,,,,,,,,,,0,0,172.60124,-43.51961
"POINT (172.57208 -43.51682)",5654,,,,,,,,,,0,0,172.57208,-43.51682
"POINT (172.58676 -43.53079)",5654,,,,,,,,,,0,0,172.58676,-43.53079
"POINT (172.58021 -43.53131)",5654,,,,,,,,,,0,0,172.58021,-43.53131
"POINT (172.57588 -43.50955)",5654,,,,,,,,,,0,0,172.57588,-43.50955
"POINT (172.6031 -43.53702)",5654,,,,,,,,,,0,0,172.6031,-43.53702
"POINT (172.62437 -43.51577)",5654,,,,,,,,,,0,0,172.62437,-43.51577
"POINT (172.60795 -43.49704)",5654,,,,,,,,,,0,0,172.60795,-43.49704
"POINT (174.78163 -41.30064)",5654,,,,,,,,,,0,0,174.78163,-41.30064
"POINT (174.781 -41.29922)",5654,,,,,,,,,,0,0,174.781,-41.29922
"POINT (174.92868 -41.19051)",5654,,,,,,,,,,0,0,174.92868,-41.19051
"POINT (174.7758 -41.29793)",5654,,,,,,,,,,0,0,174.7758,-41.29793
"POINT (174.90724 -41.20247)",5654,,,,,,,,,,0,0,174.90724,-41.20247
"POINT (174.77557 -41.27879)",5654,,,,,,,,,,0,0,174.77557,-41.27879
"POINT (174.7693 -41.27875)",5654,,,,,,,,,,0,0,174.7693,-41.27875
"POINT (174.77705 -41.27954)",5654,,,,,,,,,,0,0,174.77705,-41.27954
"POINT (174.77821 -41.29877)",5654,,,,,,,,,,0,0,174.77821,-41.29877
"POINT (174.78529 -41.29259)",5654,,,,,,,,,,0,0,174.78529,-41.29259
"POINT (174.78233 -41.29145)",5654,,,,,,,,,,0,0,174.78233,-41.29145
"POINT (174.78277 -41.29561)",5654,,,,,,,,,,0,0,174.78277,-41.29561
"POINT (174.7837 -41.29402)",5654,,,,,,,,,,0,0,174.7837,-41.29402
"POINT (174.75465 -41.28673)",5654,,,,,,,,,,0,0,174.75465,-41.28673
"POINT (174.77984 -41.31377)",5654,,,,,,,,,,0,0,174.77984,-41.31377
"POINT (174.8849 -41.22735)",5654,,,,,,,,,,0,0,174.8849,-41.22735
"POINT (174.89082 -41.2168)",5654,,,,,,,,,,0,0,174.89082,-41.2168
"POINT (174.88348 -41.23004)",5654,,,,,,,,,,0,0,174.88348,-41.23004
"POINT (174.77754 -41.28997)",5654,,,,,,,,,,0,0,174.77754,-41.28997
"POINT (174.77621 -41.28647)",5654,,,,,,,,,,0,0,174.77621,-41.28647
"POINT (174.77668 -41.28561)",5654,,,,,,,,,,0,0,174.77668,-41.28561
"POINT (174.79559 -41.31243)",5654,,,,,,,,,,0,0,174.79559,-41.31243
"POINT (174.7725 -41.28512)",5654,,,,,,,,,,0,0,174.7725,-41.28512
"POINT (174.77372 -41.28553)",5654,,,,,,,,,,0,0,174.77372,-41.28553
"POINT (174.92968 -41.18993)",5654,,,,,,,,,,0,0,174.92968,-41.18993
"POINT (174.9208 -41.19504)",5654,,,,,,,,,,0,0,174.9208,-41.19504
"POINT (174.90176 -41.21002)",5654,,,,,,,,,,0,0,174.90176,-41.21002
"POINT (174.77795 -41.28602)",5654,,,,,,,,,,0,0,174.77795,-41.28602
"POINT (174.7787 -41.28969)",5654,,,,,,,,,,0,0,174.7787,-41.28969
"POINT (174.77838 -41.28827)",5654,,,,,,,,,,0,0,174.77838,-41.28827
"POINT (174.77963 -41.29119)",5654,,,,,,,,,,0,0,174.77963,-41.29119
"POINT (174.77789 -41.30726)",5654,,,,,,,,,,0,0,174.77789,-41.30726
"POINT (174.77351 -41.29718)",5654,,,,,,,,,,0,0,174.77351,-41.29718
"POINT (174.77171 -41.29604)",5654,,,,,,,,,,0,0,174.77171,-41.29604
"POINT (174.77119 -41.29531)",5654,,,,,,,,,,0,0,174.77119,-41.29531
"POINT (174.78401 -41.29404)",5654,,,,,,,,,,0,0,174.78401,-41.29404
"POINT (174.78308 -41.29572)",5654,,,,,,,,,,0,0,174.78308,-41.29572
"POINT (174.87054 -41.221)",5654,,,,,,,,,,0,0,174.87054,-41.221
"POINT (174.90092 -41.21049)",5654,,,,,,,,,,0,0,174.90092,-41.21049
"POINT (174.77775 -41.27698)",5654,,,,,,,,,,0,0,174.77775,-41.27698
"POINT (174.77842 -41.27877)",5654,,,,,,,,,,0,0,174.77842,-41.27877
"POINT (174.97181 -41.15948)",5654,,,,,,,,,,0,0,174.97181,-41.15948
"POINT (174.77754 -41.27171)",5654,,,,,,,,,,0,0,174.77754,-41.27171
"POINT (174.90591 -41.2031)",5654,,,,,,,,,,0,0,174.90591,-41.2031
"POINT (174.77203 -41.29385)",5654,,,,,,,,,,0,0,174.77203,-41.29385
"POINT (174.79501 -41.3179)",5654,,,,,,,,,,0,0,174.79501,-41.3179
"POINT (174.77981 -41.30115)",5654,,,,,,,,,,0,0,174.77981,-41.30115
"POINT (174.78007 -41.29044)",5654,,,,,,,,,,0,0,174.78007,-41.29044
"POINT (174.7789 -41.29248)",5654,,,,,,,,,,0,0,174.7789,-41.29248
"POINT (174.77415 -41.28439)",5654,,,,,,,,,,0,0,174.77415,-41.28439
"POINT (174.77252 -41.276)",5654,,,,,,,,,,0,0,174.77252,-41.276
"POINT (174.78111 -41.29342)",5654,,,,,,,,,,0,0,174.78111,-41.29342
"POINT (174.77653 -41.28767)",5654,,,,,,,,,,0,0,174.77653,-41.28767
"POINT (174.77569 -41.29035)",5654,,,,,,,,,,0,0,174.77569,-41.29035
"POINT (174.77609 -41.28844)",5654,,,,,,,,,,0,0,174.77609,-41.28844
"POINT (174.77621 -41.28889)",5654,,,,,,,,,,0,0,174.77621,-41.28889
"POINT (174.77705 -41.28673)",5654,,,,,,,,,,0,0,174.77705,-41.28673
"POINT (174.78196 -41.29707)",5654,,,,,,,,,,0,0,174.78196,-41.29707
"POINT (174.77488 -41.29478)",5654,,,,,,,,,,0,0,174.77488,-41.29478
"POINT (174.78227 -41.29716)",5654,,,,,,,,,,0,0,174.78227,-41.29716
"POINT (174.77711 -41.29548)",5654,,,,,,,,,,0,0,174.77711,-41.29548
"POINT (174.77954 -41.29627)",5654,,,,,,,,,,0,0,174.77954,-41.29627
"POINT (174.77284 -41.29415)",5654,,,,,,,,,,0,0,174.77284,-41.29415
"POINT (174.78451 -41.29323)",5654,,,,,,,,,,0,0,174.78451,-41.29323
"POINT (174.78192 -41.29216)",5654,,,,,,,,,,0,0,174.78192,-41.29216
"POINT (174.78039 -41.28025)",5654,,,,,,,,,,0,0,174.78039,-41.28025
"POINT (174.78396 -41.27666)",5654,,,,,,,,,,0,0,174.78396,-41.27666
"POINT (174.779 -41.28177)",5654,,,,,,,,,,0,0,174.779,-41.28177
"POINT (174.79344 -41.31207)",5654,,,,,,,,,,0,0,174.79344,-41.31207
"POINT (174.87123 -41.22079)",5654,,,,,,,,,,0,0,174.87123,-41.22079
"POINT (174.99626 -41.145)",5654,,,,,,,,,,0,0,174.99626,-41.145
"POINT (174.77467 -41.28917)",5654,,,,,,,,,,0,0,174.77467,-41.28917
"POINT (174.77525 -41.28819)",5654,,,,,,,,,,0,0,174.77525,-41.28819
"POINT (176.1844 -37.66552)",5654,,,,,,,,,,0,0,176.1844,-37.66552
"POINT (176.18716 -37.66555)",5654,,,,,,,,,,0,0,176.18716,-37.66555
"POINT (172.59657 -43.53754)",5654,,,,,,,,,,0,0,172.59657,-43.53754
"POINT (172.57643 -43.53909)",5654,,,,,,,,,,0,0,172.57643,-43.53909
"POINT (172.58627 -43.53839)",5654,,,,,,,,,,0,0,172.58627,-43.53839
"POINT (172.60705 -43.53693)",5654,,,,,,,,,,0,0,172.60705,-43.53693
"POINT (172.61244 -43.54017)",5654,,,,,,,,,,0,0,172.61244,-43.54017
"POINT (172.6031 -43.53703)",5654,,,,,,,,,,0,0,172.6031,-43.53703
"POINT (172.56854 -43.53936)",5654,,,,,,,,,,0,0,172.56854,-43.53936
"POINT (172.57473 -43.53921)",5654,,,,,,,,,,0,0,172.57473,-43.53921
"POINT (172.6071 -43.5368)",5654,,,,,,,,,,0,0,172.6071,-43.5368
"POINT (172.58618 -43.53084)",5654,,,,,,,,,,0,0,172.58618,-43.53084
"POINT (172.59869 -43.52987)",5654,,,,,,,,,,0,0,172.59869,-43.52987
"POINT (172.59979 -43.52978)",5654,,,,,,,,,,0,0,172.59979,-43.52978
"POINT (172.57431 -43.53178)",5654,,,,,,,,,,0,0,172.57431,-43.53178
"POINT (172.58731 -43.53828)",5654,,,,,,,,,,0,0,172.58731,-43.53828
"POINT (174.80041 -41.25448)",5654,,,,,,,,,,0,0,174.80041,-41.25448
"POINT (174.8132 -41.24727)",5654,,,,,,,,,,0,0,174.8132,-41.24727
"POINT (174.90985 -41.20847)",5654,,,,,,,,,,0,0,174.90985,-41.20847
"POINT (174.9044 -41.20961)",5654,,,,,,,,,,0,0,174.9044,-41.20961
"POINT (174.90182 -41.21098)",5654,,,,,,,,,,0,0,174.90182,-41.21098
"POINT (175.0307 -41.13766)",5654,,,,,,,,,,0,0,175.0307,-41.13766
"POINT (174.90953 -41.20944)",5654,,,,,,,,,,0,0,174.90953,-41.20944
"POINT (174.8798 -41.21728)",5654,,,,,,,,,,0,0,174.8798,-41.21728
"POINT (174.90361 -41.20895)",5654,,,,,,,,,,0,0,174.90361,-41.20895
"POINT (174.32287 -35.71524)",5654,,,,,,,,,,0,0,174.32287,-35.71524
"POINT (174.3195 -35.72475)",5654,,,,,,,,,,0,0,174.3195,-35.72475
"POINT (174.31936 -35.72552)",5654,,,,,,,,,,0,0,174.31936,-35.72552
"POINT (174.31651 -35.72745)",5654,,,,,,,,,,0,0,174.31651,-35.72745
"POINT (174.32316 -35.7229)",5654,,,,,,,,,,0,0,174.32316,-35.7229
"POINT (174.32159 -35.70844)",5654,,,,,,,,,,0,0,174.32159,-35.70844
"POINT (174.32153 -35.70816)",5654,,,,,,,,,,0,0,174.32153,-35.70816
"POINT (174.30026 -35.68218)",5654,,,,,,,,,,0,0,174.30026,-35.68218
"POINT (174.31361 -35.69971)",5654,,,,,,,,,,0,0,174.31361,-35.69971
"POINT (174.31271 -35.69844)",5654,,,,,,,,,,0,0,174.31271,-35.69844
"POINT (174.31736 -35.73011)",5654,,,,,,,,,,0,0,174.31736,-35.73011
"POINT (174.32498 -35.70893)",5654,,,,,,,,,,0,0,174.32498,-35.70893
"POINT (174.32095 -35.72036)",5654,,,,,,,,,,0,0,174.32095,-35.72036
"POINT (174.30957 -35.73204)",5654,,,,,,,,,,0,0,174.30957,-35.73204
"POINT (174.3096 -35.75241)",5654,,,,,,,,,,0,0,174.3096,-35.75241
"POINT (174.32208 -35.72657)",5654,,,,,,,,,,0,0,174.32208,-35.72657
"POINT (174.32464 -35.72434)",5654,,,,,,,,,,0,0,174.32464,-35.72434
"POINT (174.31457 -35.72213)",5654,,,,,,,,,,0,0,174.31457,-35.72213
"POINT (174.31225 -35.72483)",5654,,,,,,,,,,0,0,174.31225,-35.72483
"POINT (174.86726 -36.98511)",5654,,,,,,,,,,0,0,174.86726,-36.98511
"POINT (174.76527 -36.8443)",5654,,,,,,,,,,0,0,174.76527,-36.8443
"POINT (174.76095 -36.86379)",5654,,,,,,,,,,0,0,174.76095,-36.86379
"POINT (174.75271 -36.85967)",5654,,,,,,,,,,0,0,174.75271,-36.85967
"POINT (174.76353 -36.85838)",5654,,,,,,,,,,0,0,174.76353,-36.85838
"POINT (174.75903 -36.85767)",5654,,,,,,,,,,0,0,174.75903,-36.85767
"POINT (174.76527 -36.849)",5654,,,,,,,,,,0,0,174.76527,-36.849
"POINT (174.76608 -36.84638)",5654,,,,,,,,,,0,0,174.76608,-36.84638
"POINT (174.76141 -36.85786)",5654,,,,,,,,,,0,0,174.76141,-36.85786
"POINT (174.77003 -36.84553)",5654,,,,,,,,,,0,0,174.77003,-36.84553
"POINT (174.76724 -36.84328)",5654,,,,,,,,,,0,0,174.76724,-36.84328
"POINT (174.79426 -36.8906)",5654,,,,,,,,,,0,0,174.79426,-36.8906
"POINT (174.77049 -36.866)",5654,,,,,,,,,,0,0,174.77049,-36.866
"POINT (174.77441 -36.89331)",5654,,,,,,,,,,0,0,174.77441,-36.89331
"POINT (174.785 -36.88265)",5654,,,,,,,,,,0,0,174.785,-36.88265
"POINT (174.77098 -36.84424)",5654,,,,,,,,,,0,0,174.77098,-36.84424
"POINT (174.76695 -36.86036)",5654,,,,,,,,,,0,0,174.76695,-36.86036
"POINT (174.77235 -36.85018)",5654,,,,,,,,,,0,0,174.77235,-36.85018
"POINT (174.76449 -36.85087)",5654,,,,,,,,,,0,0,174.76449,-36.85087
"POINT (174.76164 -36.84795)",5654,,,,,,,,,,0,0,174.76164,-36.84795
"POINT (174.77714 -36.87544)",5654,,,,,,,,,,0,0,174.77714,-36.87544
"POINT (174.79881 -36.89395)",5654,,,,,,,,,,0,0,174.79881,-36.89395
"POINT (174.75628 -36.85288)",5654,,,,,,,,,,0,0,174.75628,-36.85288
"POINT (174.76312 -36.8446)",5654,,,,,,,,,,0,0,174.76312,-36.8446
"POINT (174.76083 -36.8498)",5654,,,,,,,,,,0,0,174.76083,-36.8498
"POINT (174.70982 -36.8708)",5654,,,,,,,,,,0,0,174.70982,-36.8708
"POINT (174.74415 -36.84735)",5654,,,,,,,,,,0,0,174.74415,-36.84735
"POINT (174.76797 -36.84501)",5654,,,,,,,,,,0,0,174.76797,-36.84501
"POINT (174.76666 -36.84465)",5654,,,,,,,,,,0,0,174.76666,-36.84465
"POINT (174.80253 -36.88119)",5654,,,,,,,,,,0,0,174.80253,-36.88119
"POINT (174.73745 -36.86514)",5654,,,,,,,,,,0,0,174.73745,-36.86514
"POINT (174.78201 -36.86179)",5654,,,,,,,,,,0,0,174.78201,-36.86179
"POINT (174.76576 -36.84737)",5654,,,,,,,,,,0,0,174.76576,-36.84737
"POINT (174.74922 -36.85778)",5654,,,,,,,,,,0,0,174.74922,-36.85778
"POINT (174.75085 -36.85867)",5654,,,,,,,,,,0,0,174.75085,-36.85867
"POINT (174.7704 -36.85186)",5654,,,,,,,,,,0,0,174.7704,-36.85186
"POINT (174.76988 -36.84829)",5654,,,,,,,,,,0,0,174.76988,-36.84829
"POINT (174.75636 -36.84812)",5654,,,,,,,,,,0,0,174.75636,-36.84812
"POINT (174.78291 -36.85895)",5654,,,,,,,,,,0,0,174.78291,-36.85895
"POINT (174.75651 -36.84611)",5654,,,,,,,,,,0,0,174.75651,-36.84611
"POINT (174.76347 -36.84846)",5654,,,,,,,,,,0,0,174.76347,-36.84846
"POINT (174.7601 -36.84759)",5654,,,,,,,,,,0,0,174.7601,-36.84759
"POINT (174.75845 -36.86593)",5654,,,,,,,,,,0,0,174.75845,-36.86593
"POINT (174.76405 -36.86465)",5654,,,,,,,,,,0,0,174.76405,-36.86465
"POINT (174.76231 -36.84637)",5654,,,,,,,,,,0,0,174.76231,-36.84637
"POINT (174.79818 -36.88075)",5654,,,,,,,,,,0,0,174.79818,-36.88075
"POINT (174.6965 -36.89451)",5654,,,,,,,,,,0,0,174.6965,-36.89451
"POINT (174.74676 -36.85638)",5654,,,,,,,,,,0,0,174.74676,-36.85638
"POINT (174.761 -36.84546)",5654,,,,,,,,,,0,0,174.761,-36.84546
"POINT (174.7756 -36.88515)",5654,,,,,,,,,,0,0,174.7756,-36.88515
"POINT (174.76855 -36.84362)",5654,,,,,,,,,,0,0,174.76855,-36.84362
"POINT (174.76385 -36.8523)",5654,,,,,,,,,,0,0,174.76385,-36.8523
"POINT (174.77267 -36.87823)",5654,,,,,,,,,,0,0,174.77267,-36.87823
"POINT (174.76269 -36.85033)",5654,,,,,,,,,,0,0,174.76269,-36.85033
"POINT (174.78494 -36.87511)",5654,,,,,,,,,,0,0,174.78494,-36.87511
"POINT (174.78138 -36.87295)",5654,,,,,,,,,,0,0,174.78138,-36.87295
"POINT (174.70094 -36.89657)",5654,,,,,,,,,,0,0,174.70094,-36.89657
"POINT (174.76417 -36.8469)",5654,,,,,,,,,,0,0,174.76417,-36.8469
"POINT (174.7402 -36.84494)",5654,,,,,,,,,,0,0,174.7402,-36.84494
"POINT (174.84544 -36.86822)",5654,,,,,,,,,,0,0,174.84544,-36.86822
"POINT (174.76585 -36.85619)",5654,,,,,,,,,,0,0,174.76585,-36.85619
"POINT (174.76353 -36.84381)",5654,,,,,,,,,,0,0,174.76353,-36.84381
"POINT (174.76411 -36.8425)",5654,,,,,,,,,,0,0,174.76411,-36.8425
"POINT (174.76585 -36.84295)",5654,,,,,,,,,,0,0,174.76585,-36.84295
"POINT (174.78349 -36.84767)",5654,,,,,,,,,,0,0,174.78349,-36.84767
"POINT (174.74119 -36.84548)",5654,,,,,,,,,,0,0,174.74119,-36.84548
"POINT (174.81184 -36.88038)",5654,,,,,,,,,,0,0,174.81184,-36.88038
"POINT (174.76011 -36.86053)",5654,,,,,,,,,,0,0,174.76011,-36.86053
"POINT (174.75598 -36.8628)",5654,,,,,,,,,,0,0,174.75598,-36.8628
"POINT (174.76582 -36.85147)",5654,,,,,,,,,,0,0,174.76582,-36.85147
"POINT (174.77 -36.89286)",5654,,,,,,,,,,0,0,174.77,-36.89286
"POINT (174.74545 -36.8535)",5654,,,,,,,,,,0,0,174.74545,-36.8535
"POINT (174.76173 -36.86719)",5654,,,,,,,,,,0,0,174.76173,-36.86719
"POINT (174.76611 -36.89109)",5654,,,,,,,,,,0,0,174.76611,-36.89109
"POINT (174.79251 -36.8797)",5654,,,,,,,,,,0,0,174.79251,-36.8797
"POINT (174.71835 -36.89777)",5654,,,,,,,,,,0,0,174.71835,-36.89777
"POINT (174.84121 -36.86348)",5654,,,,,,,,,,0,0,174.84121,-36.86348
"POINT (174.77928 -36.89318)",5654,,,,,,,,,,0,0,174.77928,-36.89318
"POINT (174.80133 -36.88642)",5654,,,,,,,,,,0,0,174.80133,-36.88642
"POINT (174.85638 -36.86269)",5654,,,,,,,,,,0,0,174.85638,-36.86269
"POINT (174.8603 -36.85937)",5654,,,,,,,,,,0,0,174.8603,-36.85937
"POINT (174.80821 -36.88238)",5654,,,,,,,,,,0,0,174.80821,-36.88238
"POINT (174.76306 -36.85409)",5654,,,,,,,,,,0,0,174.76306,-36.85409
"POINT (174.75862 -36.85514)",5654,,,,,,,,,,0,0,174.75862,-36.85514
"POINT (174.75985 -36.85161)",5654,,,,,,,,,,0,0,174.75985,-36.85161
"POINT (174.75845 -36.85123)",5654,,,,,,,,,,0,0,174.75845,-36.85123
"POINT (174.75929 -36.84935)",5654,,,,,,,,,,0,0,174.75929,-36.84935
"POINT (174.76185 -36.85359)",5654,,,,,,,,,,0,0,174.76185,-36.85359
"POINT (174.76091 -36.85203)",5654,,,,,,,,,,0,0,174.76091,-36.85203
"POINT (174.77081 -36.85411)",5654,,,,,,,,,,0,0,174.77081,-36.85411
"POINT (174.7702 -36.8888)",5654,,,,,,,,,,0,0,174.7702,-36.8888
"POINT (174.76887 -36.84523)",5654,,,,,,,,,,0,0,174.76887,-36.84523
"POINT (174.74435 -36.86542)",5654,,,,,,,,,,0,0,174.74435,-36.86542
"POINT (174.75471 -36.85858)",5654,,,,,,,,,,0,0,174.75471,-36.85858
"POINT (174.76063 -36.86505)",5654,,,,,,,,,,0,0,174.76063,-36.86505
"POINT (174.69281 -36.89361)",5654,,,,,,,,,,0,0,174.69281,-36.89361
"POINT (174.69566 -36.89207)",5654,,,,,,,,,,0,0,174.69566,-36.89207
"POINT (174.71983 -36.89971)",5654,,,,,,,,,,0,0,174.71983,-36.89971
"POINT (174.75105 -36.84814)",5654,,,,,,,,,,0,0,174.75105,-36.84814
"POINT (174.73359 -36.84597)",5654,,,,,,,,,,0,0,174.73359,-36.84597
"POINT (174.79609 -36.88055)",5654,,,,,,,,,,0,0,174.79609,-36.88055
"POINT (174.75317 -36.84806)",5654,,,,,,,,,,0,0,174.75317,-36.84806
"POINT (174.82809 -36.87494)",5654,,,,,,,,,,0,0,174.82809,-36.87494
"POINT (174.71156 -36.88061)",5654,,,,,,,,,,0,0,174.71156,-36.88061
"POINT (174.70216 -36.87969)",5654,,,,,,,,,,0,0,174.70216,-36.87969
"POINT (174.70036 -36.8861)",5654,,,,,,,,,,0,0,174.70036,-36.8861
"POINT (174.76475 -36.85343)",5654,,,,,,,,,,0,0,174.76475,-36.85343
"POINT (174.76458 -36.84595)",5654,,,,,,,,,,0,0,174.76458,-36.84595
"POINT (174.68486 -36.88741)",5654,,,,,,,,,,0,0,174.68486,-36.88741
"POINT (174.83737 -36.86012)",5654,,,,,,,,,,0,0,174.83737,-36.86012
"POINT (174.81143 -36.88894)",5654,,,,,,,,,,0,0,174.81143,-36.88894
"POINT (174.76675 -36.84941)",5654,,,,,,,,,,0,0,174.76675,-36.84941
"POINT (174.77145 -36.88275)",5654,,,,,,,,,,0,0,174.77145,-36.88275
"POINT (174.77351 -36.87484)",5654,,,,,,,,,,0,0,174.77351,-36.87484
"POINT (174.77632 -36.87874)",5654,,,,,,,,,,0,0,174.77632,-36.87874
"POINT (174.77484 -36.86999)",5654,,,,,,,,,,0,0,174.77484,-36.86999
"POINT (174.77696 -36.8716)",5654,,,,,,,,,,0,0,174.77696,-36.8716
"POINT (174.75096 -36.87598)",5654,,,,,,,,,,0,0,174.75096,-36.87598
"POINT (174.75218 -36.87235)",5654,,,,,,,,,,0,0,174.75218,-36.87235
"POINT (174.76205 -36.88159)",5654,,,,,,,,,,0,0,174.76205,-36.88159
"POINT (174.76237 -36.90917)",5654,,,,,,,,,,0,0,174.76237,-36.90917
"POINT (174.7695 -36.91061)",5654,,,,,,,,,,0,0,174.7695,-36.91061
"POINT (174.75868 -36.90911)",5654,,,,,,,,,,0,0,174.75868,-36.90911
"POINT (174.74171 -36.9046)",5654,,,,,,,,,,0,0,174.74171,-36.9046
"POINT (174.75927 -36.91537)",5654,,,,,,,,,,0,0,174.75927,-36.91537
"POINT (174.76846 -36.9163)",5654,,,,,,,,,,0,0,174.76846,-36.9163
"POINT (174.73005 -36.91486)",5654,,,,,,,,,,0,0,174.73005,-36.91486
"POINT (174.72789 -36.91256)",5654,,,,,,,,,,0,0,174.72789,-36.91256
"POINT (174.71025 -36.88919)",5654,,,,,,,,,,0,0,174.71025,-36.88919
"POINT (174.71557 -36.88406)",5654,,,,,,,,,,0,0,174.71557,-36.88406
"POINT (174.74705 -36.87158)",5654,,,,,,,,,,0,0,174.74705,-36.87158
"POINT (174.7335 -36.89705)",5654,,,,,,,,,,0,0,174.7335,-36.89705
"POINT (174.78584 -36.92647)",5654,,,,,,,,,,0,0,174.78584,-36.92647
"POINT (174.78312 -36.92311)",5654,,,,,,,,,,0,0,174.78312,-36.92311
"POINT (174.77845 -36.91646)",5654,,,,,,,,,,0,0,174.77845,-36.91646
"POINT (174.78416 -36.91376)",5654,,,,,,,,,,0,0,174.78416,-36.91376
"POINT (174.78442 -36.91593)",5654,,,,,,,,,,0,0,174.78442,-36.91593
"POINT (174.78358 -36.92665)",5654,,,,,,,,,,0,0,174.78358,-36.92665
"POINT (174.80108 -36.92605)",5654,,,,,,,,,,0,0,174.80108,-36.92605
"POINT (174.78764 -36.92273)",5654,,,,,,,,,,0,0,174.78764,-36.92273
"POINT (174.80026 -36.92152)",5654,,,,,,,,,,0,0,174.80026,-36.92152
"POINT (174.77821 -36.86763)",5654,,,,,,,,,,0,0,174.77821,-36.86763
"POINT (174.77754 -36.86981)",5654,,,,,,,,,,0,0,174.77754,-36.86981
"POINT (174.81982 -36.91946)",5654,,,,,,,,,,0,0,174.81982,-36.91946
"POINT (174.81332 -36.92015)",5654,,,,,,,,,,0,0,174.81332,-36.92015
"POINT (174.81297 -36.90797)",5654,,,,,,,,,,0,0,174.81297,-36.90797
"POINT (174.7731 -36.89947)",5654,,,,,,,,,,0,0,174.7731,-36.89947
"POINT (174.83853 -36.91342)",5654,,,,,,,,,,0,0,174.83853,-36.91342
"POINT (174.79432 -36.89907)",5654,,,,,,,,,,0,0,174.79432,-36.89907
"POINT (174.81529 -36.90009)",5654,,,,,,,,,,0,0,174.81529,-36.90009
"POINT (174.80427 -36.89949)",5654,,,,,,,,,,0,0,174.80427,-36.89949
"POINT (174.82928 -36.92232)",5654,,,,,,,,,,0,0,174.82928,-36.92232
"POINT (174.84234 -36.90923)",5654,,,,,,,,,,0,0,174.84234,-36.90923
"POINT (174.84483 -36.90938)",5654,,,,,,,,,,0,0,174.84483,-36.90938
"POINT (174.70332 -36.8769)",5654,,,,,,,,,,0,0,174.70332,-36.8769
"POINT (174.83879 -36.90851)",5654,,,,,,,,,,0,0,174.83879,-36.90851
"POINT (174.84233 -36.92769)",5654,,,,,,,,,,0,0,174.84233,-36.92769
"POINT (174.81822 -36.91136)",5654,,,,,,,,,,0,0,174.81822,-36.91136
"POINT (174.84544 -36.89759)",5654,,,,,,,,,,0,0,174.84544,-36.89759
"POINT (174.82626 -36.91881)",5654,,,,,,,,,,0,0,174.82626,-36.91881
"POINT (174.84063 -36.92132)",5654,,,,,,,,,,0,0,174.84063,-36.92132
"POINT (174.85391 -36.89956)",5654,,,,,,,,,,0,0,174.85391,-36.89956
"POINT (174.83462 -36.90669)",5654,,,,,,,,,,0,0,174.83462,-36.90669
"POINT (174.85246 -36.92593)",5654,,,,,,,,,,0,0,174.85246,-36.92593
"POINT (174.85342 -36.89342)",5654,,,,,,,,,,0,0,174.85342,-36.89342
"POINT (174.8415 -36.8966)",5654,,,,,,,,,,0,0,174.8415,-36.8966
"POINT (174.75993 -36.88978)",5654,,,,,,,,,,0,0,174.75993,-36.88978
"POINT (174.74739 -36.887)",5654,,,,,,,,,,0,0,174.74739,-36.887
"POINT (174.7384 -36.88512)",5654,,,,,,,,,,0,0,174.7384,-36.88512
"POINT (174.72795 -36.87855)",5654,,,,,,,,,,0,0,174.72795,-36.87855
"POINT (174.77542 -36.86707)",5654,,,,,,,,,,0,0,174.77542,-36.86707
"POINT (174.77122 -36.86411)",5654,,,,,,,,,,0,0,174.77122,-36.86411
"POINT (174.7913 -36.89237)",5654,,,,,,,,,,0,0,174.7913,-36.89237
"POINT (174.8385 -36.9518)",5654,,,,,,,,,,0,0,174.8385,-36.9518
"POINT (174.84361 -36.94056)",5654,,,,,,,,,,0,0,174.84361,-36.94056
"POINT (174.83981 -36.94014)",5654,,,,,,,,,,0,0,174.83981,-36.94014
"POINT (174.83511 -36.95593)",5654,,,,,,,,,,0,0,174.83511,-36.95593
"POINT (174.84506 -36.95095)",5654,,,,,,,,,,0,0,174.84506,-36.95095
"POINT (174.83589 -36.93599)",5654,,,,,,,,,,0,0,174.83589,-36.93599
"POINT (174.83488 -36.94878)",5654,,,,,,,,,,0,0,174.83488,-36.94878
"POINT (174.84512 -36.94534)",5654,,,,,,,,,,0,0,174.84512,-36.94534
"POINT (174.8428 -36.94329)",5654,,,,,,,,,,0,0,174.8428,-36.94329
"POINT (174.84437 -36.94297)",5654,,,,,,,,,,0,0,174.84437,-36.94297
"POINT (174.84556 -36.94018)",5654,,,,,,,,,,0,0,174.84556,-36.94018
"POINT (174.80632 -36.90157)",5654,,,,,,,,,,0,0,174.80632,-36.90157
"POINT (174.83227 -36.92525)",5654,,,,,,,,,,0,0,174.83227,-36.92525
"POINT (174.84742 -36.91878)",5654,,,,,,,,,,0,0,174.84742,-36.91878
"POINT (174.73533 -36.88447)",5654,,,,,,,,,,0,0,174.73533,-36.88447
"POINT (174.70591 -36.8935)",5654,,,,,,,,,,0,0,174.70591,-36.8935
"POINT (174.73164 -36.88262)",5654,,,,,,,,,,0,0,174.73164,-36.88262
"POINT (174.75181 -36.85224)",5654,,,,,,,,,,0,0,174.75181,-36.85224
"POINT (174.81369 -36.9125)",5654,,,,,,,,,,0,0,174.81369,-36.9125
"POINT (174.73657 -36.87382)",5654,,,,,,,,,,0,0,174.73657,-36.87382
"POINT (174.72123 -36.90535)",5654,,,,,,,,,,0,0,174.72123,-36.90535
"POINT (174.83377 -36.92825)",5654,,,,,,,,,,0,0,174.83377,-36.92825
"POINT (174.77363 -36.84495)",5654,,,,,,,,,,0,0,174.77363,-36.84495
"POINT (174.82965 -36.85982)",5654,,,,,,,,,,0,0,174.82965,-36.85982
"POINT (174.76257 -36.84823)",5654,,,,,,,,,,0,0,174.76257,-36.84823
"POINT (174.84794 -36.89818)",5654,,,,,,,,,,0,0,174.84794,-36.89818
"POINT (174.77905 -36.8711)",5654,,,,,,,,,,0,0,174.77905,-36.8711
"POINT (174.83894 -36.915)",5654,,,,,,,,,,0,0,174.83894,-36.915
"POINT (174.81294 -36.89049)",5654,,,,,,,,,,0,0,174.81294,-36.89049
"POINT (174.77287 -36.84651)",5654,,,,,,,,,,0,0,174.77287,-36.84651
"POINT (174.82417 -36.91708)",5654,,,,,,,,,,0,0,174.82417,-36.91708
"POINT (174.8464 -36.91517)",5654,,,,,,,,,,0,0,174.8464,-36.91517
"POINT (174.85362 -36.91119)",5654,,,,,,,,,,0,0,174.85362,-36.91119
"POINT (174.84669 -36.91616)",5654,,,,,,,,,,0,0,174.84669,-36.91616
"POINT (174.80938 -36.88656)",5654,,,,,,,,,,0,0,174.80938,-36.88656
"POINT (174.71354 -36.9071)",5654,,,,,,,,,,0,0,174.71354,-36.9071
"POINT (174.79948 -36.88751)",5654,,,,,,,,,,0,0,174.79948,-36.88751
"POINT (174.83427 -36.94603)",5654,,,,,,,,,,0,0,174.83427,-36.94603
"POINT (174.83627 -36.95425)",5654,,,,,,,,,,0,0,174.83627,-36.95425
"POINT (174.82565 -36.87669)",5654,,,,,,,,,,0,0,174.82565,-36.87669
"POINT (174.69624 -36.90869)",5654,,,,,,,,,,0,0,174.69624,-36.90869
"POINT (174.7243 -36.9256)",5654,,,,,,,,,,0,0,174.7243,-36.9256
"POINT (174.78651 -36.89286)",5654,,,,,,,,,,0,0,174.78651,-36.89286
"POINT (174.84794 -36.86791)",5654,,,,,,,,,,0,0,174.84794,-36.86791
"POINT (174.73242 -36.88387)",5654,,,,,,,,,,0,0,174.73242,-36.88387
"POINT (174.76608 -36.84922)",5654,,,,,,,,,,0,0,174.76608,-36.84922
"POINT (174.80307 -36.8854)",5654,,,,,,,,,,0,0,174.80307,-36.8854
"POINT (174.77441 -36.84875)",5654,,,,,,,,,,0,0,174.77441,-36.84875
"POINT (174.7738 -36.84752)",5654,,,,,,,,,,0,0,174.7738,-36.84752
"POINT (174.76881 -36.85834)",5654,,,,,,,,,,0,0,174.76881,-36.85834
"POINT (174.73452 -36.9076)",5654,,,,,,,,,,0,0,174.73452,-36.9076
"POINT (174.83926 -36.91619)",5654,,,,,,,,,,0,0,174.83926,-36.91619
"POINT (174.84715 -36.91786)",5654,,,,,,,,,,0,0,174.84715,-36.91786
"POINT (174.8513 -36.93904)",5654,,,,,,,,,,0,0,174.8513,-36.93904
"POINT (174.78341 -36.92528)",5654,,,,,,,,,,0,0,174.78341,-36.92528
"POINT (174.84013 -36.882)",5654,,,,,,,,,,0,0,174.84013,-36.882
"POINT (174.84486 -36.88617)",5654,,,,,,,,,,0,0,174.84486,-36.88617
"POINT (174.79811 -36.89338)",5654,,,,,,,,,,0,0,174.79811,-36.89338
"POINT (174.75291 -36.84507)",5654,,,,,,,,,,0,0,174.75291,-36.84507
"POINT (174.75744 -36.8537)",5654,,,,,,,,,,0,0,174.75744,-36.8537
"POINT (174.76199 -36.86111)",5654,,,,,,,,,,0,0,174.76199,-36.86111
"POINT (174.77113 -36.85516)",5654,,,,,,,,,,0,0,174.77113,-36.85516
"POINT (174.77525 -36.85089)",5654,,,,,,,,,,0,0,174.77525,-36.85089
"POINT (174.76933 -36.85508)",5654,,,,,,,,,,0,0,174.76933,-36.85508
"POINT (174.7742 -36.8723)",5654,,,,,,,,,,0,0,174.7742,-36.8723
"POINT (174.75836 -36.85401)",5654,,,,,,,,,,0,0,174.75836,-36.85401
"POINT (174.75392 -36.86138)",5654,,,,,,,,,,0,0,174.75392,-36.86138
"POINT (174.70506 -36.87224)",5654,,,,,,,,,,0,0,174.70506,-36.87224
"POINT (174.83999 -36.9189)",5654,,,,,,,,,,0,0,174.83999,-36.9189
"POINT (174.72575 -36.86917)",5654,,,,,,,,,,0,0,174.72575,-36.86917
"POINT (174.72583 -36.86816)",5654,,,,,,,,,,0,0,174.72583,-36.86816
"POINT (174.72892 -36.86761)",5654,,,,,,,,,,0,0,174.72892,-36.86761
"POINT (174.75822 -36.91777)",5654,,,,,,,,,,0,0,174.75822,-36.91777
"POINT (174.76713 -36.86529)",5654,,,,,,,,,,0,0,174.76713,-36.86529
"POINT (174.78253 -36.92675)",5654,,,,,,,,,,0,0,174.78253,-36.92675
"POINT (174.82603 -36.91563)",5654,,,,,,,,,,0,0,174.82603,-36.91563
"POINT (174.76701 -36.92206)",5654,,,,,,,,,,0,0,174.76701,-36.92206
"POINT (174.77377 -36.85246)",5654,,,,,,,,,,0,0,174.77377,-36.85246
"POINT (174.7698 -36.85608)",5654,,,,,,,,,,0,0,174.7698,-36.85608
"POINT (174.7864 -36.88179)",5654,,,,,,,,,,0,0,174.7864,-36.88179
"POINT (174.73944 -36.91172)",5654,,,,,,,,,,0,0,174.73944,-36.91172
"POINT (174.72816 -36.90425)",5654,,,,,,,,,,0,0,174.72816,-36.90425
"POINT (174.72117 -36.90527)",5654,,,,,,,,,,0,0,174.72117,-36.90527
"POINT (174.87463 -37.01461)",5654,,,,,,,,,,0,0,174.87463,-37.01461
"POINT (174.84991 -36.95232)",5654,,,,,,,,,,0,0,174.84991,-36.95232
"POINT (174.89624 -36.99009)",5654,,,,,,,,,,0,0,174.89624,-36.99009
"POINT (174.88237 -36.98797)",5654,,,,,,,,,,0,0,174.88237,-36.98797
"POINT (174.86216 -37.01897)",5654,,,,,,,,,,0,0,174.86216,-37.01897
"POINT (174.85777 -37.01073)",5654,,,,,,,,,,0,0,174.85777,-37.01073
"POINT (174.87759 -36.98152)",5654,,,,,,,,,,0,0,174.87759,-36.98152
"POINT (174.85862 -36.96738)",5654,,,,,,,,,,0,0,174.85862,-36.96738
"POINT (174.85977 -36.96863)",5654,,,,,,,,,,0,0,174.85977,-36.96863
"POINT (174.86183 -36.97086)",5654,,,,,,,,,,0,0,174.86183,-36.97086
"POINT (174.86453 -36.97372)",5654,,,,,,,,,,0,0,174.86453,-36.97372
"POINT (174.86546 -36.96575)",5654,,,,,,,,,,0,0,174.86546,-36.96575
"POINT (174.85415 -36.97954)",5654,,,,,,,,,,0,0,174.85415,-36.97954
"POINT (174.85121 -36.97978)",5654,,,,,,,,,,0,0,174.85121,-36.97978
"POINT (174.88131 -36.98681)",5654,,,,,,,,,,0,0,174.88131,-36.98681
"POINT (174.84762 -36.99185)",5654,,,,,,,,,,0,0,174.84762,-36.99185
"POINT (174.85031 -36.98012)",5654,,,,,,,,,,0,0,174.85031,-36.98012
"POINT (174.87001 -36.98414)",5654,,,,,,,,,,0,0,174.87001,-36.98414
"POINT (174.86062 -36.96957)",5654,,,,,,,,,,0,0,174.86062,-36.96957
"POINT (174.85899 -36.99374)",5654,,,,,,,,,,0,0,174.85899,-36.99374
"POINT (174.86053 -36.99324)",5654,,,,,,,,,,0,0,174.86053,-36.99324
"POINT (174.86418 -36.992)",5654,,,,,,,,,,0,0,174.86418,-36.992
"POINT (174.87332 -36.9893)",5654,,,,,,,,,,0,0,174.87332,-36.9893
"POINT (174.88841 -36.98434)",5654,,,,,,,,,,0,0,174.88841,-36.98434
"POINT (174.89505 -36.98316)",5654,,,,,,,,,,0,0,174.89505,-36.98316
"POINT (174.89767 -36.97813)",5654,,,,,,,,,,0,0,174.89767,-36.97813
"POINT (174.91023 -36.93442)",5654,,,,,,,,,,0,0,174.91023,-36.93442
"POINT (174.92468 -36.96725)",5654,,,,,,,,,,0,0,174.92468,-36.96725
"POINT (174.88461 -36.98572)",5654,,,,,,,,,,0,0,174.88461,-36.98572
"POINT (174.7911 -36.94038)",5654,,,,,,,,,,0,0,174.7911,-36.94038
"POINT (174.78926 -36.97367)",5654,,,,,,,,,,0,0,174.78926,-36.97367
"POINT (174.81692 -36.97327)",5654,,,,,,,,,,0,0,174.81692,-36.97327
"POINT (174.7843 -36.98253)",5654,,,,,,,,,,0,0,174.7843,-36.98253
"POINT (174.79551 -36.95369)",5654,,,,,,,,,,0,0,174.79551,-36.95369
"POINT (174.86842 -36.96335)",5654,,,,,,,,,,0,0,174.86842,-36.96335
"POINT (174.86706 -36.96438)",5654,,,,,,,,,,0,0,174.86706,-36.96438
"POINT (174.90701 -37.01432)",5654,,,,,,,,,,0,0,174.90701,-37.01432
"POINT (174.85284 -37.00181)",5654,,,,,,,,,,0,0,174.85284,-37.00181
"POINT (174.8551 -37.00598)",5654,,,,,,,,,,0,0,174.8551,-37.00598
"POINT (174.86523 -37.00192)",5654,,,,,,,,,,0,0,174.86523,-37.00192
"POINT (174.87246 -36.99942)",5654,,,,,,,,,,0,0,174.87246,-36.99942
"POINT (174.87623 -36.99792)",5654,,,,,,,,,,0,0,174.87623,-36.99792
"POINT (174.87997 -36.99396)",5654,,,,,,,,,,0,0,174.87997,-36.99396
"POINT (174.88252 -36.9931)",5654,,,,,,,,,,0,0,174.88252,-36.9931
"POINT (174.88386 -36.99266)",5654,,,,,,,,,,0,0,174.88386,-36.99266
"POINT (174.88902 -36.99182)",5654,,,,,,,,,,0,0,174.88902,-36.99182
"POINT (174.88562 -36.99536)",5654,,,,,,,,,,0,0,174.88562,-36.99536
"POINT (174.84387 -36.99316)",5654,,,,,,,,,,0,0,174.84387,-36.99316
"POINT (174.79031 -36.94052)",5654,,,,,,,,,,0,0,174.79031,-36.94052
"POINT (174.79158 -36.95264)",5654,,,,,,,,,,0,0,174.79158,-36.95264
"POINT (174.8585 -36.95229)",5654,,,,,,,,,,0,0,174.8585,-36.95229
"POINT (174.78926 -37.00175)",5654,,,,,,,,,,0,0,174.78926,-37.00175
"POINT (174.82292 -36.96857)",5654,,,,,,,,,,0,0,174.82292,-36.96857
"POINT (174.79066 -36.95491)",5654,,,,,,,,,,0,0,174.79066,-36.95491
"POINT (174.83224 -36.95977)",5654,,,,,,,,,,0,0,174.83224,-36.95977
"POINT (174.8022 -36.95208)",5654,,,,,,,,,,0,0,174.8022,-36.95208
"POINT (174.79829 -36.95299)",5654,,,,,,,,,,0,0,174.79829,-36.95299
"POINT (174.81857 -36.97199)",5654,,,,,,,,,,0,0,174.81857,-36.97199
"POINT (174.83378 -36.95772)",5654,,,,,,,,,,0,0,174.83378,-36.95772
"POINT (174.78685 -36.97223)",5654,,,,,,,,,,0,0,174.78685,-36.97223
"POINT (174.81567 -36.97427)",5654,,,,,,,,,,0,0,174.81567,-36.97427
"POINT (174.89984 -36.89584)",5654,,,,,,,,,,0,0,174.89984,-36.89584
"POINT (174.85774 -36.90769)",5654,,,,,,,,,,0,0,174.85774,-36.90769
"POINT (174.8708 -36.91497)",5654,,,,,,,,,,0,0,174.8708,-36.91497
"POINT (174.87106 -36.91142)",5654,,,,,,,,,,0,0,174.87106,-36.91142
"POINT (174.88487 -36.92394)",5654,,,,,,,,,,0,0,174.88487,-36.92394
"POINT (174.92436 -36.89295)",5654,,,,,,,,,,0,0,174.92436,-36.89295
"POINT (174.91903 -36.89908)",5654,,,,,,,,,,0,0,174.91903,-36.89908
"POINT (174.87297 -36.91674)",5654,,,,,,,,,,0,0,174.87297,-36.91674
"POINT (174.91307 -36.92621)",5654,,,,,,,,,,0,0,174.91307,-36.92621
"POINT (174.89796 -36.92706)",5654,,,,,,,,,,0,0,174.89796,-36.92706
"POINT (174.91304 -36.91969)",5654,,,,,,,,,,0,0,174.91304,-36.91969
"POINT (174.91429 -36.9367)",5654,,,,,,,,,,0,0,174.91429,-36.9367
"POINT (174.91258 -36.94288)",5654,,,,,,,,,,0,0,174.91258,-36.94288
"POINT (174.87719 -36.92038)",5654,,,,,,,,,,0,0,174.87719,-36.92038
"POINT (174.91476 -36.9351)",5654,,,,,,,,,,0,0,174.91476,-36.9351
"POINT (174.91441 -36.91638)",5654,,,,,,,,,,0,0,174.91441,-36.91638
"POINT (174.90521 -36.92904)",5654,,,,,,,,,,0,0,174.90521,-36.92904
"POINT (174.9089 -36.92943)",5654,,,,,,,,,,0,0,174.9089,-36.92943
"POINT (174.93295 -36.92087)",5654,,,,,,,,,,0,0,174.93295,-36.92087
"POINT (174.88052 -36.96245)",5654,,,,,,,,,,0,0,174.88052,-36.96245
"POINT (174.85269 -36.95732)",5654,,,,,,,,,,0,0,174.85269,-36.95732
"POINT (174.87477 -36.96243)",5654,,,,,,,,,,0,0,174.87477,-36.96243
"POINT (174.89082 -36.95392)",5654,,,,,,,,,,0,0,174.89082,-36.95392
"POINT (174.88876 -36.96047)",5654,,,,,,,,,,0,0,174.88876,-36.96047
"POINT (174.89224 -36.94869)",5654,,,,,,,,,,0,0,174.89224,-36.94869
"POINT (174.89009 -36.95642)",5654,,,,,,,,,,0,0,174.89009,-36.95642
"POINT (174.89363 -36.94319)",5654,,,,,,,,,,0,0,174.89363,-36.94319
"POINT (174.88369 -36.9617)",5654,,,,,,,,,,0,0,174.88369,-36.9617
"POINT (174.86964 -36.96273)",5654,,,,,,,,,,0,0,174.86964,-36.96273
"POINT (174.90664 -36.96453)",5654,,,,,,,,,,0,0,174.90664,-36.96453
"POINT (174.88467 -36.97575)",5654,,,,,,,,,,0,0,174.88467,-36.97575
"POINT (174.90863 -36.95743)",5654,,,,,,,,,,0,0,174.90863,-36.95743
"POINT (174.87077 -36.95829)",5654,,,,,,,,,,0,0,174.87077,-36.95829
"POINT (174.88888 -36.96082)",5654,,,,,,,,,,0,0,174.88888,-36.96082
"POINT (174.8717 -36.96257)",5654,,,,,,,,,,0,0,174.8717,-36.96257
"POINT (174.88661 -36.96891)",5654,,,,,,,,,,0,0,174.88661,-36.96891
"POINT (174.89581 -36.96257)",5654,,,,,,,,,,0,0,174.89581,-36.96257
"POINT (174.90075 -36.95118)",5654,,,,,,,,,,0,0,174.90075,-36.95118
"POINT (174.90214 -36.98075)",5654,,,,,,,,,,0,0,174.90214,-36.98075
"POINT (174.8845 -36.938)",5654,,,,,,,,,,0,0,174.8845,-36.938
"POINT (174.87919 -36.93703)",5654,,,,,,,,,,0,0,174.87919,-36.93703
"POINT (174.87594 -36.93645)",5654,,,,,,,,,,0,0,174.87594,-36.93645
"POINT (174.87086 -36.9382)",5654,,,,,,,,,,0,0,174.87086,-36.9382
"POINT (174.87544 -36.93824)",5654,,,,,,,,,,0,0,174.87544,-36.93824
"POINT (174.86259 -36.95692)",5654,,,,,,,,,,0,0,174.86259,-36.95692
"POINT (174.85969 -36.95785)",5654,,,,,,,,,,0,0,174.85969,-36.95785
"POINT (174.8737 -37.00702)",5654,,,,,,,,,,0,0,174.8737,-37.00702
"POINT (174.87724 -37.01373)",5654,,,,,,,,,,0,0,174.87724,-37.01373
"POINT (174.89349 -37.02535)",5654,,,,,,,,,,0,0,174.89349,-37.02535
"POINT (174.70231 -36.61078)",5654,,,,,,,,,,0,0,174.70231,-36.61078
"POINT (174.7133 -36.61313)",5654,,,,,,,,,,0,0,174.7133,-36.61313
"POINT (174.7489 -36.63666)",5654,,,,,,,,,,0,0,174.7489,-36.63666
"POINT (174.74656 -36.63518)",5654,,,,,,,,,,0,0,174.74656,-36.63518
"POINT (174.74815 -36.63586)",5654,,,,,,,,,,0,0,174.74815,-36.63586
"POINT (174.67802 -36.58946)",5654,,,,,,,,,,0,0,174.67802,-36.58946
"POINT (174.69296 -36.58074)",5654,,,,,,,,,,0,0,174.69296,-36.58074
"POINT (174.69487 -36.58477)",5654,,,,,,,,,,0,0,174.69487,-36.58477
"POINT (174.69619 -36.58615)",5654,,,,,,,,,,0,0,174.69619,-36.58615
"POINT (174.69894 -36.59648)",5654,,,,,,,,,,0,0,174.69894,-36.59648
"POINT (174.69418 -36.60218)",5654,,,,,,,,,,0,0,174.69418,-36.60218
"POINT (174.68515 -36.61338)",5654,,,,,,,,,,0,0,174.68515,-36.61338
"POINT (174.67178 -36.62149)",5654,,,,,,,,,,0,0,174.67178,-36.62149
"POINT (174.66058 -36.397)",5654,,,,,,,,,,0,0,174.66058,-36.397
"POINT (174.65875 -36.40248)",5654,,,,,,,,,,0,0,174.65875,-36.40248
"POINT (174.66264 -36.62516)",5654,,,,,,,,,,0,0,174.66264,-36.62516
"POINT (174.78044 -36.86347)",5654,,,,,,,,,,0,0,174.78044,-36.86347
"POINT (174.839 -36.86164)",5654,,,,,,,,,,0,0,174.839,-36.86164
"POINT (174.74847 -36.86306)",5654,,,,,,,,,,0,0,174.74847,-36.86306
"POINT (174.72566 -36.88011)",5654,,,,,,,,,,0,0,174.72566,-36.88011
"POINT (174.84567 -36.9471)",5654,,,,,,,,,,0,0,174.84567,-36.9471
"POINT (174.78039 -36.87794)",5654,,,,,,,,,,0,0,174.78039,-36.87794
"POINT (174.68707 -36.89014)",5654,,,,,,,,,,0,0,174.68707,-36.89014
"POINT (174.82708 -36.90765)",5654,,,,,,,,,,0,0,174.82708,-36.90765
"POINT (174.70204 -36.9226)",5654,,,,,,,,,,0,0,174.70204,-36.9226
"POINT (174.75671 -36.85797)",5654,,,,,,,,,,0,0,174.75671,-36.85797
"POINT (174.74957 -36.88029)",5654,,,,,,,,,,0,0,174.74957,-36.88029
"POINT (174.76118 -36.88567)",5654,,,,,,,,,,0,0,174.76118,-36.88567
"POINT (174.75546 -36.92139)",5654,,,,,,,,,,0,0,174.75546,-36.92139
"POINT (174.82229 -36.8984)",5654,,,,,,,,,,0,0,174.82229,-36.8984
"POINT (174.76838 -36.8538)",5654,,,,,,,,,,0,0,174.76838,-36.8538
"POINT (174.85162 -36.89852)",5654,,,,,,,,,,0,0,174.85162,-36.89852
"POINT (174.85391 -36.90099)",5654,,,,,,,,,,0,0,174.85391,-36.90099
"POINT (174.83236 -36.89677)",5654,,,,,,,,,,0,0,174.83236,-36.89677
"POINT (174.74235 -36.88593)",5654,,,,,,,,,,0,0,174.74235,-36.88593
"POINT (174.74696 -36.88834)",5654,,,,,,,,,,0,0,174.74696,-36.88834
"POINT (174.84463 -36.94378)",5654,,,,,,,,,,0,0,174.84463,-36.94378
"POINT (174.75509 -36.88872)",5654,,,,,,,,,,0,0,174.75509,-36.88872
"POINT (174.85174 -36.89944)",5654,,,,,,,,,,0,0,174.85174,-36.89944
"POINT (174.69653 -36.89056)",5654,,,,,,,,,,0,0,174.69653,-36.89056
"POINT (174.84251 -36.90228)",5654,,,,,,,,,,0,0,174.84251,-36.90228
"POINT (174.76254 -36.8553)",5654,,,,,,,,,,0,0,174.76254,-36.8553
"POINT (174.84063 -36.95178)",5654,,,,,,,,,,0,0,174.84063,-36.95178
"POINT (174.74591 -36.89166)",5654,,,,,,,,,,0,0,174.74591,-36.89166
"POINT (174.8177 -36.87962)",5654,,,,,,,,,,0,0,174.8177,-36.87962
"POINT (174.77499 -36.86888)",5654,,,,,,,,,,0,0,174.77499,-36.86888
"POINT (174.76988 -36.86804)",5654,,,,,,,,,,0,0,174.76988,-36.86804
"POINT (174.77325 -36.87608)",5654,,,,,,,,,,0,0,174.77325,-36.87608
"POINT (174.73167 -36.84765)",5654,,,,,,,,,,0,0,174.73167,-36.84765
"POINT (174.6931 -36.90163)",5654,,,,,,,,,,0,0,174.6931,-36.90163
"POINT (174.73922 -36.86699)",5654,,,,,,,,,,0,0,174.73922,-36.86699
"POINT (174.76123 -36.86277)",5654,,,,,,,,,,0,0,174.76123,-36.86277
"POINT (174.74659 -36.8731)",5654,,,,,,,,,,0,0,174.74659,-36.8731
"POINT (174.74867 -36.90685)",5654,,,,,,,,,,0,0,174.74867,-36.90685
"POINT (174.73663 -36.84527)",5654,,,,,,,,,,0,0,174.73663,-36.84527
"POINT (174.74223 -36.84613)",5654,,,,,,,,,,0,0,174.74223,-36.84613
"POINT (174.78706 -36.88483)",5654,,,,,,,,,,0,0,174.78706,-36.88483
"POINT (174.75891 -36.84586)",5654,,,,,,,,,,0,0,174.75891,-36.84586
"POINT (174.73625 -36.86412)",5654,,,,,,,,,,0,0,174.73625,-36.86412
"POINT (174.71673 -36.86829)",5654,,,,,,,,,,0,0,174.71673,-36.86829
"POINT (174.72984 -36.87728)",5654,,,,,,,,,,0,0,174.72984,-36.87728
"POINT (174.76962 -36.86112)",5654,,,,,,,,,,0,0,174.76962,-36.86112
"POINT (174.77798 -36.86851)",5654,,,,,,,,,,0,0,174.77798,-36.86851
"POINT (174.80554 -36.88164)",5654,,,,,,,,,,0,0,174.80554,-36.88164
"POINT (174.75877 -36.89355)",5654,,,,,,,,,,0,0,174.75877,-36.89355
"POINT (174.76826 -36.85171)",5654,,,,,,,,,,0,0,174.76826,-36.85171
"POINT (174.73765 -36.88741)",5654,,,,,,,,,,0,0,174.73765,-36.88741
"POINT (174.68937 -36.89223)",5654,,,,,,,,,,0,0,174.68937,-36.89223
"POINT (174.74801 -36.88512)",5654,,,,,,,,,,0,0,174.74801,-36.88512
"POINT (174.86531 -36.88227)",5654,,,,,,,,,,0,0,174.86531,-36.88227
"POINT (174.72705 -36.8938)",5654,,,,,,,,,,0,0,174.72705,-36.8938
"POINT (174.73982 -36.84246)",5654,,,,,,,,,,0,0,174.73982,-36.84246
"POINT (174.75996 -36.85781)",5654,,,,,,,,,,0,0,174.75996,-36.85781
"POINT (174.80688 -36.89837)",5654,,,,,,,,,,0,0,174.80688,-36.89837
"POINT (174.74464 -36.87201)",5654,,,,,,,,,,0,0,174.74464,-36.87201
"POINT (174.7575 -36.91993)",5654,,,,,,,,,,0,0,174.7575,-36.91993
"POINT (174.75401 -36.84539)",5654,,,,,,,,,,0,0,174.75401,-36.84539
"POINT (174.77882 -36.86587)",5654,,,,,,,,,,0,0,174.77882,-36.86587
"POINT (174.76611 -36.85078)",5654,,,,,,,,,,0,0,174.76611,-36.85078
"POINT (174.71908 -36.86401)",5654,,,,,,,,,,0,0,174.71908,-36.86401
"POINT (174.81729 -36.8508)",5654,,,,,,,,,,0,0,174.81729,-36.8508
"POINT (174.76628 -36.90999)",5654,,,,,,,,,,0,0,174.76628,-36.90999
"POINT (174.75468 -36.84809)",5654,,,,,,,,,,0,0,174.75468,-36.84809
"POINT (174.76942 -36.85278)",5654,,,,,,,,,,0,0,174.76942,-36.85278
"POINT (174.87249 -37.03274)",5654,,,,,,,,,,0,0,174.87249,-37.03274
"POINT (174.88394 -37.01148)",5654,,,,,,,,,,0,0,174.88394,-37.01148
"POINT (174.88052 -37.01264)",5654,,,,,,,,,,0,0,174.88052,-37.01264
"POINT (174.85301 -36.97963)",5654,,,,,,,,,,0,0,174.85301,-36.97963
"POINT (174.84927 -36.97861)",5654,,,,,,,,,,0,0,174.84927,-36.97861
"POINT (174.8703 -36.97742)",5654,,,,,,,,,,0,0,174.8703,-36.97742
"POINT (174.90092 -36.98003)",5654,,,,,,,,,,0,0,174.90092,-36.98003
"POINT (174.90263 -36.96382)",5654,,,,,,,,,,0,0,174.90263,-36.96382
"POINT (174.80009 -36.96885)",5654,,,,,,,,,,0,0,174.80009,-36.96885
"POINT (174.80455 -36.95795)",5654,,,,,,,,,,0,0,174.80455,-36.95795
"POINT (174.79411 -36.97578)",5654,,,,,,,,,,0,0,174.79411,-36.97578
"POINT (174.79103 -36.97476)",5654,,,,,,,,,,0,0,174.79103,-36.97476
"POINT (174.81477 -36.96277)",5654,,,,,,,,,,0,0,174.81477,-36.96277
"POINT (174.91075 -36.88293)",5654,,,,,,,,,,0,0,174.91075,-36.88293
"POINT (174.91415 -36.88318)",5654,,,,,,,,,,0,0,174.91415,-36.88318
"POINT (174.91572 -36.88452)",5654,,,,,,,,,,0,0,174.91572,-36.88452
"POINT (174.89384 -36.89727)",5654,,,,,,,,,,0,0,174.89384,-36.89727
"POINT (174.9391 -36.90585)",5654,,,,,,,,,,0,0,174.9391,-36.90585
"POINT (174.88963 -36.91052)",5654,,,,,,,,,,0,0,174.88963,-36.91052
"POINT (174.92224 -36.92631)",5654,,,,,,,,,,0,0,174.92224,-36.92631
"POINT (174.88641 -36.96101)",5654,,,,,,,,,,0,0,174.88641,-36.96101
"POINT (174.85386 -36.9615)",5654,,,,,,,,,,0,0,174.85386,-36.9615
"POINT (174.83084 -36.98072)",5654,,,,,,,,,,0,0,174.83084,-36.98072
"POINT (174.9109 -36.94903)",5654,,,,,,,,,,0,0,174.9109,-36.94903
"POINT (174.86636 -36.95749)",5654,,,,,,,,,,0,0,174.86636,-36.95749
"POINT (174.86256 -36.94329)",5654,,,,,,,,,,0,0,174.86256,-36.94329
"POINT (174.85952 -36.9494)",5654,,,,,,,,,,0,0,174.85952,-36.9494
"POINT (174.89535 -36.99663)",5654,,,,,,,,,,0,0,174.89535,-36.99663
"POINT (174.75154 -36.7815)",5654,,,,,,,,,,0,0,174.75154,-36.7815
"POINT (174.77107 -36.78776)",5654,,,,,,,,,,0,0,174.77107,-36.78776
"POINT (174.79011 -36.80825)",5654,,,,,,,,,,0,0,174.79011,-36.80825
"POINT (174.72766 -36.70912)",5654,,,,,,,,,,0,0,174.72766,-36.70912
"POINT (174.72262 -36.7122)",5654,,,,,,,,,,0,0,174.72262,-36.7122
"POINT (174.74295 -36.71673)",5654,,,,,,,,,,0,0,174.74295,-36.71673
"POINT (174.72424 -36.72008)",5654,,,,,,,,,,0,0,174.72424,-36.72008
"POINT (174.71147 -36.72242)",5654,,,,,,,,,,0,0,174.71147,-36.72242
"POINT (174.74043 -36.72552)",5654,,,,,,,,,,0,0,174.74043,-36.72552
"POINT (174.72816 -36.72764)",5654,,,,,,,,,,0,0,174.72816,-36.72764
"POINT (174.72323 -36.73086)",5654,,,,,,,,,,0,0,174.72323,-36.73086
"POINT (174.73381 -36.73131)",5654,,,,,,,,,,0,0,174.73381,-36.73131
"POINT (174.73428 -36.73446)",5654,,,,,,,,,,0,0,174.73428,-36.73446
"POINT (174.73701 -36.73667)",5654,,,,,,,,,,0,0,174.73701,-36.73667
"POINT (174.74226 -36.73989)",5654,,,,,,,,,,0,0,174.74226,-36.73989
"POINT (174.70422 -36.74131)",5654,,,,,,,,,,0,0,174.70422,-36.74131
"POINT (174.73924 -36.74476)",5654,,,,,,,,,,0,0,174.73924,-36.74476
"POINT (174.7357 -36.74658)",5654,,,,,,,,,,0,0,174.7357,-36.74658
"POINT (174.73469 -36.74712)",5654,,,,,,,,,,0,0,174.73469,-36.74712
"POINT (174.73036 -36.7512)",5654,,,,,,,,,,0,0,174.73036,-36.7512
"POINT (174.69546 -36.7521)",5654,,,,,,,,,,0,0,174.69546,-36.7521
"POINT (174.72961 -36.75249)",5654,,,,,,,,,,0,0,174.72961,-36.75249
"POINT (174.74049 -36.76015)",5654,,,,,,,,,,0,0,174.74049,-36.76015
"POINT (174.74928 -36.77001)",5654,,,,,,,,,,0,0,174.74928,-36.77001
"POINT (174.73849 -36.77116)",5654,,,,,,,,,,0,0,174.73849,-36.77116
"POINT (174.72105 -36.77399)",5654,,,,,,,,,,0,0,174.72105,-36.77399
"POINT (174.7162 -36.77454)",5654,,,,,,,,,,0,0,174.7162,-36.77454
"POINT (174.72087 -36.78199)",5654,,,,,,,,,,0,0,174.72087,-36.78199
"POINT (174.72137 -36.78349)",5654,,,,,,,,,,0,0,174.72137,-36.78349
"POINT (174.75462 -36.78406)",5654,,,,,,,,,,0,0,174.75462,-36.78406
"POINT (174.74189 -36.78673)",5654,,,,,,,,,,0,0,174.74189,-36.78673
"POINT (174.75427 -36.78701)",5654,,,,,,,,,,0,0,174.75427,-36.78701
"POINT (174.76823 -36.78823)",5654,,,,,,,,,,0,0,174.76823,-36.78823
"POINT (174.77226 -36.78916)",5654,,,,,,,,,,0,0,174.77226,-36.78916
"POINT (174.761 -36.78931)",5654,,,,,,,,,,0,0,174.761,-36.78931
"POINT (174.7651 -36.78991)",5654,,,,,,,,,,0,0,174.7651,-36.78991
"POINT (174.76196 -36.7901)",5654,,,,,,,,,,0,0,174.76196,-36.7901
"POINT (174.75015 -36.79027)",5654,,,,,,,,,,0,0,174.75015,-36.79027
"POINT (174.77551 -36.79323)",5654,,,,,,,,,,0,0,174.77551,-36.79323
"POINT (174.7731 -36.79452)",5654,,,,,,,,,,0,0,174.7731,-36.79452
"POINT (174.76979 -36.79569)",5654,,,,,,,,,,0,0,174.76979,-36.79569
"POINT (174.77891 -36.79735)",5654,,,,,,,,,,0,0,174.77891,-36.79735
"POINT (174.72378 -36.79915)",5654,,,,,,,,,,0,0,174.72378,-36.79915
"POINT (174.78651 -36.80062)",5654,,,,,,,,,,0,0,174.78651,-36.80062
"POINT (174.72525 -36.80354)",5654,,,,,,,,,,0,0,174.72525,-36.80354
"POINT (174.78863 -36.80508)",5654,,,,,,,,,,0,0,174.78863,-36.80508
"POINT (174.72549 -36.81008)",5654,,,,,,,,,,0,0,174.72549,-36.81008
"POINT (174.71716 -36.81098)",5654,,,,,,,,,,0,0,174.71716,-36.81098
"POINT (174.74368 -36.81103)",5654,,,,,,,,,,0,0,174.74368,-36.81103
"POINT (174.74452 -36.8113)",5654,,,,,,,,,,0,0,174.74452,-36.8113
"POINT (174.72064 -36.81149)",5654,,,,,,,,,,0,0,174.72064,-36.81149
"POINT (174.72763 -36.75029)",5654,,,,,,,,,,0,0,174.72763,-36.75029
"POINT (174.71826 -36.73413)",5654,,,,,,,,,,0,0,174.71826,-36.73413
"POINT (174.70649 -36.76035)",5654,,,,,,,,,,0,0,174.70649,-36.76035
"POINT (174.74223 -36.77201)",5654,,,,,,,,,,0,0,174.74223,-36.77201
"POINT (174.75772 -36.79957)",5654,,,,,,,,,,0,0,174.75772,-36.79957
"POINT (174.76562 -36.79568)",5654,,,,,,,,,,0,0,174.76562,-36.79568
"POINT (174.76608 -36.79656)",5654,,,,,,,,,,0,0,174.76608,-36.79656
"POINT (174.76521 -36.79705)",5654,,,,,,,,,,0,0,174.76521,-36.79705
"POINT (174.76425 -36.79766)",5654,,,,,,,,,,0,0,174.76425,-36.79766
"POINT (174.7039 -36.73135)",5654,,,,,,,,,,0,0,174.7039,-36.73135
"POINT (174.70123 -36.72959)",5654,,,,,,,,,,0,0,174.70123,-36.72959
"POINT (174.6954 -36.725)",5654,,,,,,,,,,0,0,174.6954,-36.725
"POINT (174.71327 -36.71806)",5654,,,,,,,,,,0,0,174.71327,-36.71806
"POINT (174.71571 -36.75271)",5654,,,,,,,,,,0,0,174.71571,-36.75271
"POINT (174.72152 -36.752)",5654,,,,,,,,,,0,0,174.72152,-36.752
"POINT (174.75027 -36.8122)",5654,,,,,,,,,,0,0,174.75027,-36.8122
"POINT (168.3473 -46.37559)",5654,,,,,,,,,,0,0,168.3473,-46.37559
"POINT (168.34721 -46.39483)",5654,,,,,,,,,,0,0,168.34721,-46.39483
"POINT (168.34732 -46.40863)",5654,,,,,,,,,,0,0,168.34732,-46.40863
"POINT (168.36549 -46.41788)",5654,,,,,,,,,,0,0,168.36549,-46.41788
"POINT (168.35058 -46.40863)",5654,,,,,,,,,,0,0,168.35058,-46.40863
"POINT (168.3473 -46.38925)",5654,,,,,,,,,,0,0,168.3473,-46.38925
"POINT (168.35371 -46.41307)",5654,,,,,,,,,,0,0,168.35371,-46.41307
"POINT (168.35374 -46.4108)",5654,,,,,,,,,,0,0,168.35374,-46.4108
"POINT (168.35371 -46.41189)",5654,,,,,,,,,,0,0,168.35371,-46.41189
"POINT (168.35374 -46.4097)",5654,,,,,,,,,,0,0,168.35374,-46.4097
"POINT (168.3473 -46.4108)",5654,,,,,,,,,,0,0,168.3473,-46.4108
"POINT (168.3614 -46.42812)",5654,,,,,,,,,,0,0,168.3614,-46.42812
"POINT (168.3473 -46.40646)",5654,,,,,,,,,,0,0,168.3473,-46.40646
"POINT (168.35058 -46.40644)",5654,,,,,,,,,,0,0,168.35058,-46.40644
"POINT (168.3473 -46.41189)",5654,,,,,,,,,,0,0,168.3473,-46.41189
"POINT (168.35687 -46.41308)",5654,,,,,,,,,,0,0,168.35687,-46.41308
"POINT (168.35058 -46.41308)",5654,,,,,,,,,,0,0,168.35058,-46.41308
"POINT (168.35058 -46.4108)",5654,,,,,,,,,,0,0,168.35058,-46.4108
"POINT (168.35058 -46.41189)",5654,,,,,,,,,,0,0,168.35058,-46.41189
"POINT (168.35058 -46.4097)",5654,,,,,,,,,,0,0,168.35058,-46.4097
"POINT (168.35058 -46.40754)",5654,,,,,,,,,,0,0,168.35058,-46.40754
"POINT (168.34562 -46.4097)",5654,,,,,,,,,,0,0,168.34562,-46.4097
"POINT (168.34562 -46.40859)",5654,,,,,,,,,,0,0,168.34562,-46.40859
"POINT (168.3614 -46.40644)",5654,,,,,,,,,,0,0,168.3614,-46.40644
"POINT (168.3614 -46.40861)",5654,,,,,,,,,,0,0,168.3614,-46.40861
"POINT (168.3473 -46.4097)",5654,,,,,,,,,,0,0,168.3473,-46.4097
"POINT (168.37112 -46.41149)",5654,,,,,,,,,,0,0,168.37112,-46.41149
"POINT (168.3614 -46.41305)",5654,,,,,,,,,,0,0,168.3614,-46.41305
"POINT (170.50143 -45.88977)",5654,,,,,,,,,,0,0,170.50143,-45.88977
"POINT (170.50024 -45.88852)",5654,,,,,,,,,,0,0,170.50024,-45.88852
"POINT (170.49478 -45.87388)",5654,,,,,,,,,,0,0,170.49478,-45.87388
"POINT (170.47633 -45.89527)",5654,,,,,,,,,,0,0,170.47633,-45.89527
"POINT (170.5036 -45.89955)",5654,,,,,,,,,,0,0,170.5036,-45.89955
"POINT (170.5104 -45.87103)",5654,,,,,,,,,,0,0,170.5104,-45.87103
"POINT (170.50796 -45.87537)",5654,,,,,,,,,,0,0,170.50796,-45.87537
"POINT (170.49899 -45.88539)",5654,,,,,,,,,,0,0,170.49899,-45.88539
"POINT (170.50212 -45.87989)",5654,,,,,,,,,,0,0,170.50212,-45.87989
"POINT (170.5032 -45.87792)",5654,,,,,,,,,,0,0,170.5032,-45.87792
"POINT (170.50468 -45.8783)",5654,,,,,,,,,,0,0,170.50468,-45.8783
"POINT (170.51002 -45.86878)",5654,,,,,,,,,,0,0,170.51002,-45.86878
"POINT (170.50897 -45.87062)",5654,,,,,,,,,,0,0,170.50897,-45.87062
"POINT (170.5065 -45.87496)",5654,,,,,,,,,,0,0,170.5065,-45.87496
"POINT (170.51419 -45.86135)",5654,,,,,,,,,,0,0,170.51419,-45.86135
"POINT (170.5121 -45.86507)",5654,,,,,,,,,,0,0,170.5121,-45.86507
"POINT (170.50642 -45.87206)",5654,,,,,,,,,,0,0,170.50642,-45.87206
"POINT (170.51336 -45.85685)",5654,,,,,,,,,,0,0,170.51336,-45.85685
"POINT (170.50856 -45.86837)",5654,,,,,,,,,,0,0,170.50856,-45.86837
"POINT (170.50607 -45.86983)",5654,,,,,,,,,,0,0,170.50607,-45.86983
"POINT (170.50436 -45.87283)",5654,,,,,,,,,,0,0,170.50436,-45.87283
"POINT (170.50502 -45.87167)",5654,,,,,,,,,,0,0,170.50502,-45.87167
"POINT (170.50384 -45.87378)",5654,,,,,,,,,,0,0,170.50384,-45.87378
"POINT (170.51234 -45.85869)",5654,,,,,,,,,,0,0,170.51234,-45.85869
"POINT (170.51144 -45.86916)",5654,,,,,,,,,,0,0,170.51144,-45.86916
"POINT (170.51103 -45.86691)",5654,,,,,,,,,,0,0,170.51103,-45.86691
"POINT (170.51274 -45.86095)",5654,,,,,,,,,,0,0,170.51274,-45.86095
"POINT (170.51065 -45.86466)",5654,,,,,,,,,,0,0,170.51065,-45.86466
"POINT (170.50749 -45.87022)",5654,,,,,,,,,,0,0,170.50749,-45.87022
"POINT (170.50004 -45.87839)",5654,,,,,,,,,,0,0,170.50004,-45.87839
"POINT (170.49148 -45.89614)",5654,,,,,,,,,,0,0,170.49148,-45.89614
"POINT (170.4756 -45.86865)",5654,,,,,,,,,,0,0,170.4756,-45.86865
"POINT (170.49832 -45.8933)",5654,,,,,,,,,,0,0,170.49832,-45.8933
"POINT (170.49699 -45.87044)",5654,,,,,,,,,,0,0,170.49699,-45.87044
"POINT (170.50517 -45.89465)",5654,,,,,,,,,,0,0,170.50517,-45.89465
"POINT (170.50099 -45.89644)",5654,,,,,,,,,,0,0,170.50099,-45.89644
"POINT (170.49989 -45.87723)",5654,,,,,,,,,,0,0,170.49989,-45.87723
"POINT (170.50961 -45.86652)",5654,,,,,,,,,,0,0,170.50961,-45.86652
"POINT (170.5113 -45.89128)",5654,,,,,,,,,,0,0,170.5113,-45.89128
"POINT (170.51884 -45.85515)",5654,,,,,,,,,,0,0,170.51884,-45.85515
"POINT (170.50285 -45.89139)",5654,,,,,,,,,,0,0,170.50285,-45.89139
"POINT (170.50711 -45.86798)",5654,,,,,,,,,,0,0,170.50711,-45.86798
"POINT (170.50172 -45.87753)",5654,,,,,,,,,,0,0,170.50172,-45.87753
"POINT (170.50068 -45.87944)",5654,,,,,,,,,,0,0,170.50068,-45.87944
"POINT (170.50448 -45.87704)",5654,,,,,,,,,,0,0,170.50448,-45.87704
"POINT (170.50506 -45.87764)",5654,,,,,,,,,,0,0,170.50506,-45.87764
"POINT (170.50436 -45.87708)",5654,,,,,,,,,,0,0,170.50436,-45.87708
"POINT (170.50024 -45.87324)",5654,,,,,,,,,,0,0,170.50024,-45.87324
"POINT (170.51118 -45.87335)",5654,,,,,,,,,,0,0,170.51118,-45.87335
"POINT (170.50935 -45.87287)",5654,,,,,,,,,,0,0,170.50935,-45.87287
"POINT (170.5079 -45.87247)",5654,,,,,,,,,,0,0,170.5079,-45.87247
"POINT (170.50642 -45.88703)",5654,,,,,,,,,,0,0,170.50642,-45.88703
"POINT (170.49739 -45.87094)",5654,,,,,,,,,,0,0,170.49739,-45.87094
"POINT (170.50552 -45.8747)",5654,,,,,,,,,,0,0,170.50552,-45.8747
"POINT (170.50169 -45.87365)",5654,,,,,,,,,,0,0,170.50169,-45.87365
"POINT (170.4851 -45.86513)",5654,,,,,,,,,,0,0,170.4851,-45.86513
"POINT (170.50357 -45.87125)",5654,,,,,,,,,,0,0,170.50357,-45.87125
"POINT (174.77023 -36.84553)",5654,beachrd2,,,,,,,,,0,0,174.77023,-36.84553
"POINT (174.77136 -36.84566)",5654,beachrd1,,,,,,,,,0,0,174.77136,-36.84566
"POINT (174.75598 -36.84812)",5654,wellesleystw5,,,,,,,,,0,0,174.75598,-36.84812
"POINT (174.76338 -36.844)",5654,sturdeest,,,,,,,,,0,0,174.76338,-36.844
"POINT (174.76939 -36.84383)",5654,quayst2,,,,,,,,,0,0,174.76939,-36.84383
"POINT (174.78767 -36.84769)",5654,tamakidr,,,,,,,,,0,0,174.78767,-36.84769
"POINT (174.83183 -36.84832)",5654,tamakidr2,,,,,,,,,0,0,174.83183,-36.84832
"POINT (174.81718 -36.97305)",5654,statehighway201,,,,,,,,,0,0,174.81718,-36.97305
"POINT (174.81668 -36.97348)",5654,statehighway20,,,,,,,,,0,0,174.81668,-36.97348
"POINT (174.78941 -36.97378)",5654,georgeboltmemor,,,,,,,,,0,0,174.78941,-36.97378
"POINT (174.76353 -36.85059)",5654,wellesleystw1,,,,,,,,,0,0,174.76353,-36.85059
"POINT (174.77429 -36.87194)",5654,gilliesave2,,,,,,,,,0,0,174.77429,-36.87194
"POINT (174.77409 -36.87273)",5654,statehighway11,,,,,,,,,0,0,174.77409,-36.87273
"POINT (174.75224 -36.87209)",5654,dominionrd,,,,,,,,,0,0,174.75224,-36.87209
"POINT (174.76808 -36.86552)",5654,khyberpassrd3,,,,,,,,,0,0,174.76808,-36.86552
"POINT (174.75868 -36.86591)",5654,newnorthrd,,,,,,,,,0,0,174.75868,-36.86591
"POINT (174.75488 -36.85855)",5654,howest,,,,,,,,,0,0,174.75488,-36.85855
"POINT (174.7657 -36.85634)",5654,wakefieldst,,,,,,,,,0,0,174.7657,-36.85634
"POINT (174.75459 -36.86248)",5654,newtonrd1,,,,,,,,,0,0,174.75459,-36.86248
"POINT (174.94085 -37.06289)",5654,,,,,,,,,,0,0,174.94085,-37.06289
